response.main.verb,chain,workerid,gloss,trialnum,response,response.caveman,clozeIndex,document,original,condition
come,84,1,Server start.,1,The waiter came to the table. ,waiter come to table,1,063,"The server started arguing with my wife, ""I made sure the cook knew it had to be rare... the cook was going to leave it on longer but I made him take it off... etc.'' After a minute or so of listening to them argue about whether the burger was well done or rare, I just picked the burger patty up with both hands, they both stopped and looked at me, and I broke the burger patty in half with an audible snap.",caveman
find,21,1,Waitress come.,2,How often do people find bugs in their food?,people find bug in food,0,243,"After perusing our menus, the waitress came over to take our order.",caveman
throw,11,1,We be.,3,The boy threw his fork across the dining room. ,boy throw fork across room,3,191,"We were out of things for him to do other than sing ""Old MacDonald'' to him, which probably wouldn't have gone over too well with the other patrons.",caveman
forget,168,1,Husband decide.,4,"I forgot my wallet at home, and could not pay for my food. ",I forget wallet at home,0,177,My husband and I decided to just order a couple of sodas and desserts as we had a big breakfast earlier in the day and we explained to the waitress that our two orders would be on a separate ticket which seemed to confuse her.,caveman
refuse,68,1,He put on table.,5,"The couple refused to pay for their meals, and made quite the scene. ",couple refuse,3,196,"He put the box and the scale down on their table, and proceeded to pull raw steaks out of the box.",caveman
find,40,1,I have.,6,"I found a bug in my food, and wanted a free meal. ",I find bug in food,1,086,I always had to speak up and try to get her attention for a refill.,caveman
delicious,78,1,We not allow.,7,The food at this place is delicious. ,food delicious,0,022,"As I said, we did not allow it to tarnish our evening.",caveman
need,47,1,He mention.,8,I needed a refill. ,I need refill,1,025,At that point he also mentioned that the boss likes to sit at the booth I asked to sit in and that's why I couldn't sit there.,caveman
empty,62,1,I stick.,9,The salad bar was completely empty. ,bar empty,0,151,At this point I'm just sticking around to watch the show.,caveman
come,22,1,It thing.,10,The waiter came to the table at last. ,waiter come to table at last,1,153,It was a good thing that they didn't prepare my meal before giving me the price!,caveman
wait,86,1,I order.,11,We waited forever to be seated. ,we wait,0,248,After we ordered the waitress came back and apologized saying they were out of the pecan pie I had ordered.,caveman
refuse,110,1,I wonder.,12,"My wife refused to cook me anymore meals, stating that she was too busy. ",wife refuse,3,050,"I wonder, however, what we could have done differently to avoid his attitude.",caveman
undercooked,41,1,We seat.,13,"My steak was slightly undercooked, which I told her when she came back to check in on us. ",steak undercooked,2,120,"We'd been seated at a booth, but I sat on a regular chair on the outside of the table -- yes, my crazy bubble rules apply to even family members --.",caveman
overcooked,18,1,I tip.,14,The food was overcooked and not good. ,food overcooked,2,271,"I usually tip well, but I gave the waiter 12%, which actually was too much.",caveman
crash,76,1,She decide.,15,The dishes crashed to the floor. ,dish crash to floor,1,033,"At this point, she finally decides to get off the phone and gets huffy with the waitress about the ""defective teabag'' and how she needs to place her order ""right now because she's in a hurry.''",caveman
look,88,1,He tell.,16,The desert at the other table looked appetizing. ,desert look,5,023,He told them they were no longer welcome.,caveman
happen,29,1,It pour with rain.,17,It happened on a weekend. ,it happen on weekend,1,171,It was also pouring with rain outside and the restaurant was very busy with only about two tables free.,caveman
word,84,2,Seconds come.,1,All I can see is blurred words and 'server start' written over them?,all word,0,063,A few seconds later the server came to check on us and asked how our food was.,event_only
wash,110,2,I refuse.,2,My wife finally retired now she washes lots of dishes.,she wash lot,2,050,I refused but also declined to tip the culprit.,event_only
point,58,2,It freezing.,3,When the waiter brought our food he pointed something out to me.,he point something to I,0,171,It's freezing this time of year so I didn't want to sit near the door.,event_only
give,11,2,We be.,4,We gave our son a gift for behaving.,we give gift,3,191,"We were out of things for him to do other than sing ""Old MacDonald'' to him, which probably wouldn't have gone over too well with the other patrons.",event_only
now,48,2,Judge try.,5,I am now the manager at work/,I now,1,022,"In reality this ""judge'' was trying to hide his martini on the floor.",event_only
go,18,2,Waiter say.,6,We went to the restaurant.,we go to restaurant,0,271,"The waiter said nothing the rest of the evening about us having to leave early, but he was clearly peeved.",event_only
give,68,2,He throw.,7,I did not give in/,I give,5,196,"He then would throw that steak on the table, get another one out of the box, throw it on the scale, and again, exclaim:  ""10 ounces!''",event_only
need,62,2,I stick.,8,I needed to sneeze.,I need,0,151,At this point I'm just sticking around to watch the show.,event_only
be,10,2,It freezing.,9,So it will be.,it be,1,025,It's freezing this time of year so I didn't want to sit near the door.,event_only
come,20,2,Couple run.,10,My friend came over.,friend come,1,177,"A couple of months ago my husband and I were out running errands and decide to meet up with some friends at a local ""Mom & Pop'' restaurant.",event_only
finish,41,2,We seat.,11,We finish eating.,we finish eating,2,120,"We'd been seated at a booth, but I sat on a regular chair on the outside of the table -- yes, my crazy bubble rules apply to even family members --.",event_only
ask,76,2,She break.,12,I asked what she wanted.,I ask,0,033,"Of course, she breaks the teabag inside.",event_only
ask,41,2,We people.,13,We ask for a table. ,we ask for table,1,243,"We're amicable people, and enjoy small-talk with waiters... well, my mum and sister do, I'm hard of hearing so I'm generally quiet.",event_only
want,40,2,Waitress offer.,14,I wanted to get ice cream.,I want,0,086,"The waitress offered to refill my mother and brother's glasses, but she never asked if I needed one.",event_only
sit,86,2,I order.,15,We sit down.,we sit,0,248,After we ordered the waitress came back and apologized saying they were out of the pecan pie I had ordered.,event_only
decide,88,2,I interrupt.,16,I decide what to do.,I decide,1,023,"I interrupted her stating, ""I will go get my manager,'' and walked away.",event_only
eat,22,2,It thing.,17,I eat and it is good.,I eat,1,153,It was a good thing that they didn't prepare my meal before giving me the price!,event_only
strong,10,3,It be.,1,The air conditioning was too strong.,conditioning strong,0,025,It was off to a bad start as soon as I walked in the door.,caveman
leave,68,3,He throw.,2,The people left without paying.,people leave,5,196,"He then would throw that steak on the table, get another one out of the box, throw it on the scale, and again, exclaim:  ""10 ounces!''",caveman
fault,11,3,Son behave.,3,"It wasn't the restaurant's fault, though.",it fault poss restaurant,4,191,Our son was now behaving the way you would expect an 18-month-old to behave after sitting in a high chair for nearly an hour watching other people eat.,caveman
decide,40,3,I have.,4,We decided to order the special.,we decide,1,086,I always had to speak up and try to get her attention for a refill.,caveman
rude,18,3,I tip.,5,The staff were very rude.,staff rude,2,271,"I usually tip well, but I gave the waiter 12%, which actually was too much.",caveman
have,29,3,It pour with rain.,6,"We still had a good time, though.",we have time,1,171,It was also pouring with rain outside and the restaurant was very busy with only about two tables free.,caveman
spill,168,3,Husband decide.,7,The waiter spilled my drink on me.,waiter spill drink on I,0,177,My husband and I decided to just order a couple of sodas and desserts as we had a big breakfast earlier in the day and we explained to the waitress that our two orders would be on a separate ticket which seemed to confuse her.,caveman
great,22,3,I order.,8,Our meal was great.,meal great,0,153,"I ordered a fairly simple meal, and it was only when I opened my wallet that I suddenly realised I had forgotten to go to the bank.",caveman
know,21,3,Waitress come.,9,We didn't know what some of the dishes were.,we know,0,243,"After perusing our menus, the waitress came over to take our order.",caveman
take,86,3,I order.,10,It took a long time for us to be seated.,it take time for we,0,248,After we ordered the waitress came back and apologized saying they were out of the pecan pie I had ordered.,caveman
frustrating,78,3,You think.,11,It was very frustrating.,it frustrating,1,022,"If anyone should know better, you'd think it was him, except for his sense of entitlement.",caveman
arrive,41,3,Food good.,12,We arrived early.,we arrive,0,120,"The food was good, the service was good, we had a fun time.",caveman
be,84,3,Server start.,13,The service was very fast.,service be,1,063,"The server started arguing with my wife, ""I made sure the cook knew it had to be rare... the cook was going to leave it on longer but I made him take it off... etc.'' After a minute or so of listening to them argue about whether the burger was well done or rare, I just picked the burger patty up with both hands, they both stopped and looked at me, and I broke the burger patty in half with an audible snap.",caveman
look,62,3,I stick.,14,Something didn't look right on the plate.,something look right on plate,0,151,At this point I'm just sticking around to watch the show.,caveman
seem,110,3,I refuse.,15,It seemed like the food had been reheated.,it seem,2,050,I refused but also declined to tip the culprit.,caveman
be,76,3,She break.,16,There were a lot of options to choose from.,lot be,0,033,"Of course, she breaks the teabag inside.",caveman
explain,88,3,I interrupt.,17,"He explained it to me, though.",he explain it to I,1,023,"I interrupted her stating, ""I will go get my manager,'' and walked away.",caveman
storm,68,4,"He put the box and the scale down on their table, and proceeded to pull raw steaks out of the box.",1,"When the man didn't believe him, the manager stormed into the kitchen and produced a book from the fridge.",manager storm into kitchen,3,196,"He put the box and the scale down on their table, and proceeded to pull raw steaks out of the box.",original
accuse,168,4,I was so embarrassed by the spectacle she made us into that I just wanted to leave.,2,"She accused us of being cheap so loudly everyone in the restaurant stared at her, and then us.",she accuse we,2,177,I was so embarrassed by the spectacle she made us into that I just wanted to leave.,original
ask,88,4,He told them they were no longer welcome.,3,The customer asked why I couldn't take more money off the bill.,customer ask,5,023,He told them they were no longer welcome.,original
Friday,29,4,It happened on a bank holiday and I was not at work that day.,4,"It was a Friday, so the restaurant was full.",it Friday,0,171,It happened on a bank holiday and I was not at work that day.,original
like,41,4,"We'd been seated at a booth, but I sat on a regular chair on the outside of the table -- yes, my crazy bubble rules apply to even family members --.",5,We don't like to cause a fuss.,we like,2,120,"We'd been seated at a booth, but I sat on a regular chair on the outside of the table -- yes, my crazy bubble rules apply to even family members --.",original
busy,10,4,It's freezing this time of year so I didn't want to sit near the door.,6,The restaurant was busy and we had to wait to be seated.,restaurant busy,1,025,It's freezing this time of year so I didn't want to sit near the door.,original
think,40,4,I always had to speak up and try to get her attention for a refill.,7,I thought she was very rude.,I think,1,086,I always had to speak up and try to get her attention for a refill.,original
embarrassed,22,4,It was a good thing that they didn't prepare my meal before giving me the price!,8,I was so embarrassed.,I embarrassed,1,153,It was a good thing that they didn't prepare my meal before giving me the price!,original
leave,76,4,"At this point, she finally decides to get off the phone and gets huffy with the waitress about the ""defective teabag'' and how she needs to place her order ""right now because she's in a hurry.''",9,Loose tea leaves poured out everywhere.,tea leave,1,033,"At this point, she finally decides to get off the phone and gets huffy with the waitress about the ""defective teabag'' and how she needs to place her order ""right now because she's in a hurry.''",original
complain,84,4,A few seconds later the server came to check on us and asked how our food was.,10,My wife complained that her steak was overdone.,wife complain,0,063,A few seconds later the server came to check on us and asked how our food was.,original
get,110,4,"I wonder, however, what we could have done differently to avoid his attitude.",11,He wasn't getting a penny more from me.,he get from I,3,050,"I wonder, however, what we could have done differently to avoid his attitude.",original
want,18,4,"I usually tip well, but I gave the waiter 12%, which actually was too much.",12,He wanted us to leave but we weren't going anywhere.,he want we,2,271,"I usually tip well, but I gave the waiter 12%, which actually was too much.",original
suspect,48,4,"In reality this ""judge'' was trying to hide his martini on the floor.",13,I strongly suspected the customer was a drunk.,I suspect,1,022,"In reality this ""judge'' was trying to hide his martini on the floor.",original
offer,86,4,"When it came time to pay she brings our ticket and explains that she rang us up for the pecan pie I had ordered as it was less expensive and what I wanted in the first place, but we noticed that she charged us for our friend's Taco Salad.",14,She offered us apple pie instead.,she offer pie,1,248,"When it came time to pay she brings our ticket and explains that she rang us up for the pecan pie I had ordered as it was less expensive and what I wanted in the first place, but we noticed that she charged us for our friend's Taco Salad.",original
want,11,4,"We were out of things for him to do other than sing ""Old MacDonald'' to him, which probably wouldn't have gone over too well with the other patrons.",15,We didn't want him to disturb other diners.,we want he,3,191,"We were out of things for him to do other than sing ""Old MacDonald'' to him, which probably wouldn't have gone over too well with the other patrons.",original
go,41,4,"The food was good, the service was good, we had a fun time.",16,We went to our regular restaurant on Friday night.,we go to restaurant tmod night,0,243,"The food was good, the service was good, we had a fun time.",original
order,62,4,At this point I'm just sticking around to watch the show.,17,"I ordered a salad, and noticed there was something wrong.",I order salad,0,151,At this point I'm just sticking around to watch the show.,original
order,78,5,You think.,1,we order appetizers ,we order appetizer,1,022,"If anyone should know better, you'd think it was him, except for his sense of entitlement.",event_only
be,68,5,He throw.,2,The point was that we wanted it made our way ,point be,5,196,"He then would throw that steak on the table, get another one out of the box, throw it on the scale, and again, exclaim:  ""10 ounces!''",event_only
go,84,5,Seconds come.,3,Despite that we went ahead with our order ,we go despite that with order,0,063,A few seconds later the server came to check on us and asked how our food was.,event_only
put,10,5,It be.,4,Putting our best judgement aside we decided to stay ,put judgement,0,025,It was off to a bad start as soon as I walked in the door.,event_only
please,11,5,Son behave.,5,Please get the manager ,please,4,191,Our son was now behaving the way you would expect an 18-month-old to behave after sitting in a high chair for nearly an hour watching other people eat.,event_only
happy,40,5,Waitress offer.,6,None of us are happy with the service we have received ,none happy with service,0,086,"The waitress offered to refill my mother and brother's glasses, but she never asked if I needed one.",event_only
escort,41,5,We people.,7,We were escorted back to the booth we requested. ,we escort to booth,1,243,"We're amicable people, and enjoy small-talk with waiters... well, my mum and sister do, I'm hard of hearing so I'm generally quiet.",event_only
interested,76,5,She decide.,8,We were interested in hearing about the specials. ,we interested,1,033,"At this point, she finally decides to get off the phone and gets huffy with the waitress about the ""defective teabag'' and how she needs to place her order ""right now because she's in a hurry.''",event_only
ask,102,5,Salad deliver.,9,He asked if we would like to order anything else ,he ask,5,151,The salads with the dinners were delivered before the appetizer we ordered.,event_only
decide,88,5,I interrupt.,10,The group decided to meet around 8pm. ,group decide,1,023,"I interrupted her stating, ""I will go get my manager,'' and walked away.",event_only
one,20,5,Couple run.,11,We were the first ones to show up ,we one,1,177,"A couple of months ago my husband and I were out running errands and decide to meet up with some friends at a local ""Mom & Pop'' restaurant.",event_only
feel,86,5,I order.,12,We all felt that we had ordered enough food for the whole group,we feel,1,248,"When it came time to pay she brings our ticket and explains that she rang us up for the pecan pie I had ordered as it was less expensive and what I wanted in the first place, but we noticed that she charged us for our friend's Taco Salad.",event_only
decide,110,5,Dish hot.,13,She decided to think it over before signing. ,she decide,1,050,The dish was not hot and barely palatable; I believe he deliberately left it sitting before he brought it out as there were not enough other customers for the kitchen to be backed up.,event_only
have,18,5,Waiter say.,14,A few of our guests had to leave early.,few have,0,271,"The waiter said nothing the rest of the evening about us having to leave early, but he was clearly peeved.",event_only
have,41,5,We seat.,15,A few of has that had been there before made suggestions. ,few have that,2,120,"We'd been seated at a booth, but I sat on a regular chair on the outside of the table -- yes, my crazy bubble rules apply to even family members --.",event_only
look,22,5,I order.,16,We all look forward to getting together. ,we look,0,153,"I ordered a fairly simple meal, and it was only when I opened my wallet that I suddenly realised I had forgotten to go to the bank.",event_only
brough,29,5,It happen.,17,The waitress brough a pitcher out from the bar. ,waitress brough pitcher from bar,0,171,It happened on a bank holiday and I was not at work that day.,event_only
ask,11,6,We be.,1,"He asked his son a question, his son answered with a joke and then the parent told the son to behave, and realized that they blamed the son, even though he was kidding.",he ask son tmod question,3,191,"We were out of things for him to do other than sing ""Old MacDonald'' to him, which probably wouldn't have gone over too well with the other patrons.",event_only
have,102,6,Salad deliver.,2,"They had a negative experience at a restaurant, which they informed the manager of.",they have experience,5,151,The salads with the dinners were delivered before the appetizer we ordered.,event_only
offer,40,6,I have.,3,The waitress offered them something while they were seated.,waitress offer something,1,086,I always had to speak up and try to get her attention for a refill.,event_only
go,18,6,I tip.,4,"They were going to leave, but the waiter offered them an incentive to stay, so they did.",they go,2,271,"I usually tip well, but I gave the waiter 12%, which actually was too much.",event_only
place,86,6,I order.,5,They placed an order and had to wait for what they felt was an unreasonable amount of time.,they place order,0,248,After we ordered the waitress came back and apologized saying they were out of the pecan pie I had ordered.,event_only
do,29,6,It pour.,6,"Something they were anticipating, but weren't positive would happen, did.",something do,1,171,It was also pouring with rain outside and the restaurant was very busy with only about two tables free.,event_only
talk,125,6,He stand.,7,"A child went with their parent to an auction, talked to his mother about what she wanted and then he placed a bid for her.",bid talk to mother,1,120,"He was standing next to me, but I did my best to concentrate on my soda and be polite.",event_only
throw,68,6,He put.,8,"Someone threw something, which made the manager yell, and then the manager to explain what happened and assure a couple to stay.",someone throw something,3,196,"He put the box and the scale down on their table, and proceeded to pull raw steaks out of the box.",event_only
have,10,6,It be.,9,The person had to commute outdoors in very cold weather.,person have to commute,0,025,It was off to a bad start as soon as I walked in the door.,event_only
retire,110,6,Dish hot.,10,"The person's wife retired, but he refused to and wondered why his wife chose to.",wife retire,1,050,The dish was not hot and barely palatable; I believe he deliberately left it sitting before he brought it out as there were not enough other customers for the kitchen to be backed up.,event_only
decide,76,6,She break.,11,She decided to break up with someone.,she decide,0,033,"Of course, she breaks the teabag inside.",event_only
be,88,6,He tell.,12,There was an argument between a couple.,argument be,4,023,"He told her and her husband that he didn't appreciate their rude treatment of his staff, which happened every time they came in.",event_only
do,168,6,Husband decide.,13,Someone did something embarrassing in public.,someone do something in public,0,177,My husband and I decided to just order a couple of sodas and desserts as we had a big breakfast earlier in the day and we explained to the waitress that our two orders would be on a separate ticket which seemed to confuse her.,event_only
impatient,84,6,Server start.,14,Someone was impatient and wanted to the time to pass quickly.,someone impatient,1,063,"The server started arguing with my wife, ""I made sure the cook knew it had to be rare... the cook was going to leave it on longer but I made him take it off... etc.'' After a minute or so of listening to them argue about whether the burger was well done or rare, I just picked the burger patty up with both hands, they both stopped and looked at me, and I broke the burger patty in half with an audible snap.",event_only
explain,78,6,You think.,15,"Someone was explaining what human beings, in general, allow others to do to them.",someone explain,1,022,"If anyone should know better, you'd think it was him, except for his sense of entitlement.",event_only
place,22,6,It thing.,16,Someone was placing an order at a restaurant.,someone place order at restaurant,1,153,It was a good thing that they didn't prepare my meal before giving me the price!,event_only
make,21,6,Waitress come.,17,Someone made a special request at a restaurant that the waitress had to check up on.,someone make request at restaurant,0,243,"After perusing our menus, the waitress came over to take our order.",event_only
pour,29,7,It happen.,1,It poured rain.,it pour rain,0,171,It happened on a bank holiday and I was not at work that day.,event_only
remain,18,7,Waiter say.,2,We remained in the restaurant to leave a tip.,we remain in restaurant,0,271,"The waiter said nothing the rest of the evening about us having to leave early, but he was clearly peeved.",event_only
come,47,7,He mention.,3,The waiter comes quickly.,waiter come,1,025,At that point he also mentioned that the boss likes to sit at the booth I asked to sit in and that's why I couldn't sit there.,event_only
come,47,7,He mention.,3,The waiter comes quickly.,waiter come,1,025,At that point he also mentioned that the boss likes to sit at the booth I asked to sit in and that's why I couldn't sit there.,event_only
come,47,7,He mention.,3,Waiter come quick.,Waiter come,1,025,At that point he also mentioned that the boss likes to sit at the booth I asked to sit in and that's why I couldn't sit there.,event_only
converse,125,7,He stand.,4,The mum conversed with her friend.,mum converse with friend,1,120,"He was standing next to me, but I did my best to concentrate on my soda and be polite.",event_only
blame,11,7,Son behave.,5,We blame the criminals.,we blame criminal,4,191,Our son was now behaving the way you would expect an 18-month-old to behave after sitting in a high chair for nearly an hour watching other people eat.,event_only
look,21,7,Waitress come.,6,Waitress looked at him.,waitress look at he,0,243,"After perusing our menus, the waitress came over to take our order.",event_only
manager,48,7,Judge try.,7,I am the manager.,I manager,1,022,"In reality this ""judge'' was trying to hide his martini on the floor.",event_only
decide,76,7,She break.,8,She decide who wins.,she decide,0,033,"Of course, she breaks the teabag inside.",event_only
have,40,7,Waitress offer.,9,I have money.,I have money,0,086,"The waitress offered to refill my mother and brother's glasses, but she never asked if I needed one.",event_only
start,84,7,Seconds come.,10,Server start soon.,start,0,063,A few seconds later the server came to check on us and asked how our food was.,event_only
put,68,7,He throw.,11,He put the headphones on.,he put headphone  on,5,196,"He then would throw that steak on the table, get another one out of the box, throw it on the scale, and again, exclaim:  ""10 ounces!''",event_only
go,88,7,He tell.,12,I go to the room.,I go to room,5,023,He told them they were no longer welcome.,event_only
order,102,7,Salad deliver.,13,We order two Cokes.,we order coke,5,151,The salads with the dinners were delivered before the appetizer we ordered.,event_only
order,86,7,I order.,14,I order a pizza.,I order pizza,0,248,After we ordered the waitress came back and apologized saying they were out of the pecan pie I had ordered.,event_only
wonder,110,7,Dish hot.,15,I wonder who will win.,I wonder,1,050,The dish was not hot and barely palatable; I believe he deliberately left it sitting before he brought it out as there were not enough other customers for the kitchen to be backed up.,event_only
go,20,7,Couple run.,16,Mother go to bed.,Mother go to bed,1,177,"A couple of months ago my husband and I were out running errands and decide to meet up with some friends at a local ""Mom & Pop'' restaurant.",event_only
order,22,7,It thing.,17,I order a sandwich.,I order sandwich,1,153,It was a good thing that they didn't prepare my meal before giving me the price!,event_only
want,110,8,"I wonder, however, what we could have done differently to avoid his attitude.",1,"We just wanted a nice meal, but instead we have a terrible service.",we want meal,3,050,"I wonder, however, what we could have done differently to avoid his attitude.",original
come,41,8,"The food was good, the service was good, we had a fun time.",2,The waiter came and seated us.,waiter come,0,243,"The food was good, the service was good, we had a fun time.",original
end,78,8,"If anyone should know better, you'd think it was him, except for his sense of entitlement.",3,We ended up with a goodnight.,we end with goodnight,1,022,"If anyone should know better, you'd think it was him, except for his sense of entitlement.",original
talk,76,8,"Of course, she breaks the teabag inside.",4,She has been talking on the phone all night.,she talk on phone tmod night,0,033,"Of course, she breaks the teabag inside.",original
keep,40,8,"The waitress offered to refill my mother and brother's glasses, but she never asked if I needed one.",5,I kept waiting but it took awhile to get the waiter's attention.,I keep,0,086,"The waitress offered to refill my mother and brother's glasses, but she never asked if I needed one.",original
sit,84,8,"The server started arguing with my wife, ""I made sure the cook knew it had to be rare... the cook was going to leave it on longer but I made him take it off... etc.'' After a minute or so of listening to them argue about whether the burger was well done or rare, I just picked the burger patty up with both hands, they both stopped and looked at me, and I broke the burger patty in half with an audible snap.",6,I have been sitting there eating my food silently.,I sit,1,063,"The server started arguing with my wife, ""I made sure the cook knew it had to be rare... the cook was going to leave it on longer but I made him take it off... etc.'' After a minute or so of listening to them argue about whether the burger was well done or rare, I just picked the burger patty up with both hands, they both stopped and looked at me, and I broke the burger patty in half with an audible snap.",original
ridiculous,22,8,"I ordered a fairly simple meal, and it was only when I opened my wallet that I suddenly realised I had forgotten to go to the bank.",7,The price of the menu was absolutely ridiculous.,price ridiculous,0,153,"I ordered a fairly simple meal, and it was only when I opened my wallet that I suddenly realised I had forgotten to go to the bank.",original
tell,10,8,It's freezing this time of year so I didn't want to sit near the door.,8,I can tell by the emptiness of the restaurant that it wouldn't be good.,I tell by emptiness,1,025,It's freezing this time of year so I didn't want to sit near the door.,original
look,62,8,At this point I'm just sticking around to watch the show.,9,I looked on the table and I noticed a tissue.,I look on table,0,151,At this point I'm just sticking around to watch the show.,original
oz,68,8,"He put the box and the scale down on their table, and proceeded to pull raw steaks out of the box.",10,"The man asked the manager, how do they know for sure they were 10 oz.",they oz,3,196,"He put the box and the scale down on their table, and proceeded to pull raw steaks out of the box.",original
walk,29,8,It happened on a bank holiday and I was not at work that day.,11,I was walking outside and noticed a restaurant.,I walk,0,171,It happened on a bank holiday and I was not at work that day.,original
get,41,8,"The food was good, the service was good, we had a fun time.",12,My family has gotten me to go to a restaurant.,family get I,0,120,"The food was good, the service was good, we had a fun time.",original
upset,88,8,"He told her and her husband that he didn't appreciate their rude treatment of his staff, which happened every time they came in.",13,However the customers were still upset.,customer upset,4,023,"He told her and her husband that he didn't appreciate their rude treatment of his staff, which happened every time they came in.",original
strange,168,8,I was so embarrassed by the spectacle she made us into that I just wanted to leave.,14,"It may be strange to most people, but we like to keep track of our own food bills.",it strange to people,2,177,I was so embarrassed by the spectacle she made us into that I just wanted to leave.,original
wave,86,8,After we ordered the waitress came back and apologized saying they were out of the pecan pie I had ordered.,15,I was waving to the waitress that we needed our bill.,I wave to waitress,0,248,After we ordered the waitress came back and apologized saying they were out of the pecan pie I had ordered.,original
sit,133,8,"We waited some more, but only until we could snag our waiter, who was now quite a bit busier, since nearly an hour had passed and many more people had come in.",16,We were all sitting there impatiently and upset that our food has not arrived.,we sit,0,191,"We waited some more, but only until we could snag our waiter, who was now quite a bit busier, since nearly an hour had passed and many more people had come in.",original
experience,18,8,"Just to spite him, we remained at our table for nearly 3 hours.",17,This was the worse experience I ever had a restaurant.,this experience,1,271,"Just to spite him, we remained at our table for nearly 3 hours.",original
turn,84,9,Seconds come.,1,The web server was turned on.,server turn,0,063,A few seconds later the server came to check on us and asked how our food was.,caveman
get,40,9,Waitress offer.,2,Did you get an acceptance letter yet?,you get letter,0,086,"The waitress offered to refill my mother and brother's glasses, but she never asked if I needed one.",caveman
ask,102,9,We start on way.,3,I asked to speak to a manager.,I ask,7,151,We started on our way out of the restaurant.,caveman
run,48,9,Judge try in reality.,4,I run this place.,I run place,1,022,"In reality this ""judge'' was trying to hide his martini on the floor.",caveman
decide,41,9,Food good.,5,We decided which restaurant to go to.,we decide,0,243,"The food was good, the service was good, we had a fun time.",caveman
go,18,9,Waiter say.,6,We went to a restaurant with free WiFi.,we go to restaurant with wifus,0,271,"The waiter said nothing the rest of the evening about us having to leave early, but he was clearly peeved.",caveman
leave,68,9,Manager shout after they.,7,He leaves without paying.,he leave,6,196,"The manager shouted after them that they had not paid their bill, and the man shouted back something that I can't repeat on a family site.",caveman
explain,88,9,I interrupt.,8,He explains.,he explain,1,023,"I interrupted her stating, ""I will go get my manager,'' and walked away.",caveman
go,20,9,Couple run.,9,They go to a restaurant.,they go to restaurant,1,177,"A couple of months ago my husband and I were out running errands and decide to meet up with some friends at a local ""Mom & Pop'' restaurant.",caveman
want,133,9,We wait.,10,We wanted to win.,we want,0,191,"We waited some more, but only until we could snag our waiter, who was now quite a bit busier, since nearly an hour had passed and many more people had come in.",caveman
eat,47,9,He mention.,11,They ate their meal.,they eat meal,1,025,At that point he also mentioned that the boss likes to sit at the booth I asked to sit in and that's why I couldn't sit there.,caveman
pick,41,9,Food good.,12,We picked a restaurant.,we pick restaurant,0,120,"The food was good, the service was good, we had a fun time.",caveman
know,76,9,She break.,13,She doesn't know what to do.,she know,0,033,"Of course, she breaks the teabag inside.",caveman
mystery,22,9,I order.,14,It was a mystery.,it mystery,0,153,"I ordered a fairly simple meal, and it was only when I opened my wallet that I suddenly realised I had forgotten to go to the bank.",caveman
busy,86,9,I order.,15,The restaurant is very busy.,restaurant busy,1,248,"When it came time to pay she brings our ticket and explains that she rang us up for the pecan pie I had ordered as it was less expensive and what I wanted in the first place, but we noticed that she charged us for our friend's Taco Salad.",caveman
want,110,9,Dish not hot.,16,She wants us to buy an RV.,she want we,1,050,The dish was not hot and barely palatable; I believe he deliberately left it sitting before he brought it out as there were not enough other customers for the kitchen to be backed up.,caveman
go,58,9,It freezing.,17,I went to a restaurant.,I go to restaurant,0,171,It's freezing this time of year so I didn't want to sit near the door.,caveman
go,76,10,She break.,1,"Where to go for dinner?As usual,",go for dinner?as,0,033,"Of course, she breaks the teabag inside.",event_only
allow,78,10,You think.,2,We allow our server to give us more details about the special of the day,we allow server,1,022,"If anyone should know better, you'd think it was him, except for his sense of entitlement.",event_only
go,86,10,I order.,3,Something went terribly wrong,something go,1,248,"When it came time to pay she brings our ticket and explains that she rang us up for the pecan pie I had ordered as it was less expensive and what I wanted in the first place, but we noticed that she charged us for our friend's Taco Salad.",event_only
happen,29,10,It pour.,4,It happened that that particular Mondays that Chinese restaurant was c losed,it happen,1,171,It was also pouring with rain outside and the restaurant was very busy with only about two tables free.,event_only
refuse,110,10,I wonder.,5,I refused to pay the bill!,I refuse,3,050,"I wonder, however, what we could have done differently to avoid his attitude.",event_only
moment,125,10,He stand.,6,That was the make or break moment,that moment,1,120,"He was standing next to me, but I did my best to concentrate on my soda and be polite.",event_only
drop,168,10,Husband decide.,7,My pants somehow dropped,pants drop,0,177,My husband and I decided to just order a couple of sodas and desserts as we had a big breakfast earlier in the day and we explained to the waitress that our two orders would be on a separate ticket which seemed to confuse her.,event_only
be,10,10,It freezing.,8,And indeed it was so.,it be,1,025,It's freezing this time of year so I didn't want to sit near the door.,event_only
moment,84,10,Server start.,9,the moment we had been waiting for finally arrived,moment,1,063,"The server started arguing with my wife, ""I made sure the cook knew it had to be rare... the cook was going to leave it on longer but I made him take it off... etc.'' After a minute or so of listening to them argue about whether the burger was well done or rare, I just picked the burger patty up with both hands, they both stopped and looked at me, and I broke the burger patty in half with an audible snap.",event_only
seem,133,10,We wait.,10,Things did not seem clear.,thing seem,0,191,"We waited some more, but only until we could snag our waiter, who was now quite a bit busier, since nearly an hour had passed and many more people had come in.",event_only
wait,22,10,It thing.,11,I could not wait to taste that delicious burrito,I wait,1,153,It was a good thing that they didn't prepare my meal before giving me the price!,event_only
happen,62,10,I stick.,12,What happened next was really funny.,what happen,0,151,At this point I'm just sticking around to watch the show.,event_only
satisfied,68,10,Manager shout.,13,He was not at all satisfied,he satisfied at all,6,196,"The manager shouted after them that they had not paid their bill, and the man shouted back something that I can't repeat on a family site.",event_only
hungry,41,10,We people.,14,We were very hungry,we hungry,1,243,"We're amicable people, and enjoy small-talk with waiters... well, my mum and sister do, I'm hard of hearing so I'm generally quiet.",event_only
decide,40,10,I have.,15,We decided not to have a dessert,we decide,1,086,I always had to speak up and try to get her attention for a refill.,event_only
come,88,10,He tell.,16,He comes back to the table,he come to table,4,023,"He told her and her husband that he didn't appreciate their rude treatment of his staff, which happened every time they came in.",event_only
make,18,10,I tip.,17,We made a good choice,we make choice,2,271,"I usually tip well, but I gave the waiter 12%, which actually was too much.",event_only
come,58,11,It freezing.,1,I come.,I come,0,171,It's freezing this time of year so I didn't want to sit near the door.,caveman
break,76,11,She decide.,2,I break.,I break,1,033,"At this point, she finally decides to get off the phone and gets huffy with the waitress about the ""defective teabag'' and how she needs to place her order ""right now because she's in a hurry.''",caveman
eat,22,11,It thing.,3,I eat.,I eat,1,153,It was a good thing that they didn't prepare my meal before giving me the price!,caveman
bad,11,11,We be.,4,Son bad.,bad,3,191,"We were out of things for him to do other than sing ""Old MacDonald'' to him, which probably wouldn't have gone over too well with the other patrons.",caveman
pay,18,11,We remain for hour to spite.,5,I pay.,I pay,1,271,"Just to spite him, we remained at our table for nearly 3 hours.",caveman
salad,102,11,We start on way.,6,Salad back.,salad,7,151,We started on our way out of the restaurant.,caveman
they,86,11,I order.,7,They order.,they,1,248,"When it came time to pay she brings our ticket and explains that she rang us up for the pecan pie I had ordered as it was less expensive and what I wanted in the first place, but we noticed that she charged us for our friend's Taco Salad.",caveman
leave,68,11,Manager shout after they.,8,He leave.,he leave,6,196,"The manager shouted after them that they had not paid their bill, and the man shouted back something that I can't repeat on a family site.",caveman
like,40,11,Waitress offer.,9,I like.,I like,0,086,"The waitress offered to refill my mother and brother's glasses, but she never asked if I needed one.",caveman
come,84,11,Seconds come.,10,Food come.,Food come,0,063,A few seconds later the server came to check on us and asked how our food was.,caveman
hungry,41,11,Food good.,11,We hungry.,hungry,0,120,"The food was good, the service was good, we had a fun time.",caveman
mad,110,11,I wonder.,12,She mad.,mad,3,050,"I wonder, however, what we could have done differently to avoid his attitude.",caveman
work,48,11,Judge try in reality.,13,I work.,I work,1,022,"In reality this ""judge'' was trying to hide his martini on the floor.",caveman
lie,88,11,He tell.,14,I lie.,I lie,4,023,"He told her and her husband that he didn't appreciate their rude treatment of his staff, which happened every time they came in.",caveman
cold,10,11,It be.,15,It cold.,cold,0,025,It was off to a bad start as soon as I walked in the door.,caveman
eat,41,11,We people.,16,We eat.,we eat,1,243,"We're amicable people, and enjoy small-talk with waiters... well, my mum and sister do, I'm hard of hearing so I'm generally quiet.",caveman
mad,168,11,I embarrassed.,17,She mad.,mad,2,177,I was so embarrassed by the spectacle she made us into that I just wanted to leave.,caveman
think,78,12,We not allow.,1,"You think you was correct, but really you had it all wrong.",you think,0,022,"As I said, we did not allow it to tarnish our evening.",caveman
look,88,12,He tell.,2,Then he looks at what he took out of my hands.,he look,4,023,"He told her and her husband that he didn't appreciate their rude treatment of his staff, which happened every time they came in.",caveman
day,40,12,Waitress offer.,3,"I have never felt so lively, today was a wonderful day.",today day,0,086,"The waitress offered to refill my mother and brother's glasses, but she never asked if I needed one.",caveman
drop,168,12,Husband decide.,4,When I walked into the cafeteria I dropped my plate.,I drop plate,0,177,My husband and I decided to just order a couple of sodas and desserts as we had a big breakfast earlier in the day and we explained to the waitress that our two orders would be on a separate ticket which seemed to confuse her.,caveman
talk,110,12,Dish not hot.,5,My wife is talking to me about retiring from work.,wife talk to I,1,050,The dish was not hot and barely palatable; I believe he deliberately left it sitting before he brought it out as there were not enough other customers for the kitchen to be backed up.,caveman
ask,125,12,He stand to i.,6,The waiter asks me what I would like to order.,waiter ask I,1,120,"He was standing next to me, but I did my best to concentrate on my soda and be polite.",caveman
begin,29,12,It happen on holiday.,7,As I walked out side the rain began to pour like mad.,rain begin,0,171,It happened on a bank holiday and I was not at work that day.,caveman
place,22,12,It thing.,8,"I was in the drive-thru at Mcdonalds, I placed my order.",I place order,1,153,It was a good thing that they didn't prepare my meal before giving me the price!,caveman
sit,86,12,I order.,9,I sat down at the table in the restaurant.,I sit at table,0,248,After we ordered the waitress came back and apologized saying they were out of the pecan pie I had ordered.,caveman
storm,68,12,Manager shout after they.,10,After he threw the ticket he stormed out of the place.,he storm of place,6,196,"The manager shouted after them that they had not paid their bill, and the man shouted back something that I can't repeat on a family site.",caveman
talk,41,12,We people.,11,We talk while we walk towards the table.,we talk,1,243,"We're amicable people, and enjoy small-talk with waiters... well, my mum and sister do, I'm hard of hearing so I'm generally quiet.",caveman
stop,84,12,Seconds come.,12,We stop talking at the waiter approaches the table.,we stop,0,063,A few seconds later the server came to check on us and asked how our food was.,caveman
have,76,12,She break.,13,She had just to make her decision on the menu but was getting close.,she have just,0,033,"Of course, she breaks the teabag inside.",caveman
experience,10,12,It freezing.,14,It was a great experience.,it experience,1,025,It's freezing this time of year so I didn't want to sit near the door.,caveman
look,62,12,I stick.,15,I looked down at my salad and noticed something.,I look at salad,0,151,At this point I'm just sticking around to watch the show.,caveman
start,18,12,Waiter say.,16,We started another conversation while we ate.,we start conversation,0,271,"The waiter said nothing the rest of the evening about us having to leave early, but he was clearly peeved.",caveman
tell,11,12,We be.,17,I told my son not to do that again.,I tell son,3,191,"We were out of things for him to do other than sing ""Old MacDonald'' to him, which probably wouldn't have gone over too well with the other patrons.",caveman
tell,11,13,We be.,1,But I told him there would be certain conditions he would need to meet.,I tell he,3,191,"We were out of things for him to do other than sing ""Old MacDonald'' to him, which probably wouldn't have gone over too well with the other patrons.",caveman
dream,20,13,Couple run.,2,It would be a dream come true despite the details to work out.,it dream,1,177,"A couple of months ago my husband and I were out running errands and decide to meet up with some friends at a local ""Mom & Pop'' restaurant.",caveman
say,125,13,He stand to i.,3,She said not to worry about it.,she say,1,120,"He was standing next to me, but I did my best to concentrate on my soda and be polite.",caveman
leave,62,13,I stick.,4,We left at the same time.,we leave at time,0,151,At this point I'm just sticking around to watch the show.,caveman
have,78,13,You think.,5,We had to leave our dog outside in the car.,we have,1,022,"If anyone should know better, you'd think it was him, except for his sense of entitlement.",caveman
discuss,76,13,She break.,6,We discussed it at length. ,we discuss it at length,0,033,"Of course, she breaks the teabag inside.",caveman
hurry,86,13,I order.,7,We were in a hurry.,we hurry,1,248,"When it came time to pay she brings our ticket and explains that she rang us up for the pecan pie I had ordered as it was less expensive and what I wanted in the first place, but we noticed that she charged us for our friend's Taco Salad.",caveman
think,68,13,Manager shout after they.,8,I thought to myself that it was a waste of food.,I think to myself,6,196,"The manager shouted after them that they had not paid their bill, and the man shouted back something that I can't repeat on a family site.",caveman
warm,41,13,We people.,9,The atmosphere was warm and welcoming.,atmosphere warm,1,243,"We're amicable people, and enjoy small-talk with waiters... well, my mum and sister do, I'm hard of hearing so I'm generally quiet.",caveman
think,88,13,He tell.,10,I thought about it for some time.,I think about it for time,5,023,He told them they were no longer welcome.,caveman
lovely,18,13,We remain for hour to spite.,11,The entire experience was lovely.,experience lovely,1,271,"Just to spite him, we remained at our table for nearly 3 hours.",caveman
have,40,13,Waitress offer.,12,Do have any batteries left?,have battery,0,086,"The waitress offered to refill my mother and brother's glasses, but she never asked if I needed one.",caveman
know,29,13,It pour with rain.,13,You never know what to expect this time of year.,you know,1,171,It was also pouring with rain outside and the restaurant was very busy with only about two tables free.,caveman
relax,22,13,It thing.,14,We relaxed and took our time when the meal arrived.,we relax,1,153,It was a good thing that they didn't prepare my meal before giving me the price!,caveman
like,110,13,I refuse.,15,She usually doesn't like a sink of dirty dishes being left.,she like sink,2,050,I refused but also declined to tip the culprit.,caveman
stop,84,13,Server start.,16,I stopped the watch just in time.,I stop watch in time,1,063,"The server started arguing with my wife, ""I made sure the cook knew it had to be rare... the cook was going to leave it on longer but I made him take it off... etc.'' After a minute or so of listening to them argue about whether the burger was well done or rare, I just picked the burger patty up with both hands, they both stopped and looked at me, and I broke the burger patty in half with an audible snap.",caveman
order,47,13,He mention.,17,We both ordered the same thing.,we order thing,1,025,At that point he also mentioned that the boss likes to sit at the booth I asked to sit in and that's why I couldn't sit there.,caveman
ask,68,14,He throw.,1,We asked for our meal to be comped.,we ask for meal,5,196,"He then would throw that steak on the table, get another one out of the box, throw it on the scale, and again, exclaim:  ""10 ounces!''",event_only
ask,68,14,He throw.,1,They asked for their meal to be comped.,they ask for meal,5,196,"He then would throw that steak on the table, get another one out of the box, throw it on the scale, and again, exclaim:  ""10 ounces!''",event_only
drop,168,14,Husband decide.,2,I dropped the plate.,I drop plate,0,177,My husband and I decided to just order a couple of sodas and desserts as we had a big breakfast earlier in the day and we explained to the waitress that our two orders would be on a separate ticket which seemed to confuse her.,event_only
tell,11,14,We be.,3,I told my son to sit down or else we'd leave.,I tell son,3,191,"We were out of things for him to do other than sing ""Old MacDonald'' to him, which probably wouldn't have gone over too well with the other patrons.",event_only
ask,88,14,He tell.,4,I asked for the specials.,I ask for special,4,023,"He told her and her husband that he didn't appreciate their rude treatment of his staff, which happened every time they came in.",event_only
ask,78,14,You think.,5,They asked if we would switch tables. ,they ask,1,022,"If anyone should know better, you'd think it was him, except for his sense of entitlement.",event_only
finish,18,14,Waiter say.,6,We finished our meal and waited for the bill.,we finish meal,0,271,"The waiter said nothing the rest of the evening about us having to leave early, but he was clearly peeved.",event_only
ask,102,14,Salad deliver.,7,Our waited asked how our food tasted.,we ask,5,151,The salads with the dinners were delivered before the appetizer we ordered.,event_only
bring,110,14,I wonder.,8,The waiter brought us free dessert anyway.,waiter bring dessert,3,050,"I wonder, however, what we could have done differently to avoid his attitude.",event_only
ask,41,14,We people.,9,We asked for a table for two.,we ask for table for two,1,243,"We're amicable people, and enjoy small-talk with waiters... well, my mum and sister do, I'm hard of hearing so I'm generally quiet.",event_only
look,125,14,He stand.,10,She looked over the menu.,she look over menu,1,120,"He was standing next to me, but I did my best to concentrate on my soda and be polite.",event_only
read,76,14,She break.,11,The waiter read us the specials.,waiter read,0,033,"Of course, she breaks the teabag inside.",event_only
ask,40,14,Waitress offer.,12,Our waiter asked if we'd been here before.,waiter ask,0,086,"The waitress offered to refill my mother and brother's glasses, but she never asked if I needed one.",event_only
sit,84,14,Seconds come.,13,We sat down.,we sit,0,063,A few seconds later the server came to check on us and asked how our food was.,event_only
look,22,14,It thing.,14,I looked over the menu.,I look over menu,1,153,It was a good thing that they didn't prepare my meal before giving me the price!,event_only
have,10,14,It be.,15,The restaurant had the AC turned up high.,restaurant have ac,0,025,It was off to a bad start as soon as I walked in the door.,event_only
get,58,14,It freezing.,16,We quickly got a table. ,we get table,0,171,It's freezing this time of year so I didn't want to sit near the door.,event_only
make,86,14,I order.,17,We made a reservation and got a table quickly.,we make reservation,0,248,After we ordered the waitress came back and apologized saying they were out of the pecan pie I had ordered.,event_only
care,22,15,It thing.,1,Why do you care about what I order,you care about what tmod I,1,153,It was a good thing that they didn't prepare my meal before giving me the price!,caveman
able,84,15,Server start.,2,You'll be able to see in seconds come,you able,1,063,"The server started arguing with my wife, ""I made sure the cook knew it had to be rare... the cook was going to leave it on longer but I made him take it off... etc.'' After a minute or so of listening to them argue about whether the burger was well done or rare, I just picked the burger patty up with both hands, they both stopped and looked at me, and I broke the burger patty in half with an audible snap.",caveman
let,168,15,I embarrassed.,3,"As for what women order, a lot of them let their husband decide.",lot let as_for order,2,177,I was so embarrassed by the spectacle she made us into that I just wanted to leave.,caveman
retire,110,15,I refuse.,4,Why would my wife retire.,wife retire,2,050,I refused but also declined to tip the culprit.,caveman
be,68,15,He throw.,5,WHo could this couple be.,who be,5,196,"He then would throw that steak on the table, get another one out of the box, throw it on the scale, and again, exclaim:  ""10 ounces!''",caveman
keep,125,15,He stand to i.,6,which one should we keep,we keep one,1,120,"He was standing next to me, but I did my best to concentrate on my soda and be polite.",caveman
happen,29,15,It pour with rain.,7,When did it happen on holiday,it happen on holiday,1,171,It was also pouring with rain outside and the restaurant was very busy with only about two tables free.,caveman
break,76,15,She decide.,8,what bone did she break,she break bone,1,033,"At this point, she finally decides to get off the phone and gets huffy with the waitress about the ""defective teabag'' and how she needs to place her order ""right now because she's in a hurry.''",caveman
be,11,15,Son behave.,9,what would we be,we be what,4,191,Our son was now behaving the way you would expect an 18-month-old to behave after sitting in a high chair for nearly an hour watching other people eat.,caveman
order,86,15,I order.,10,What soup should I order,I order soup,0,248,After we ordered the waitress came back and apologized saying they were out of the pecan pie I had ordered.,caveman
do,40,15,I have.,11,what soup did the waitress offer,soup do offer,1,086,I always had to speak up and try to get her attention for a refill.,caveman
do,40,15,I have.,11,what soup did the waitress offer,soup do offer,1,086,I always had to speak up and try to get her attention for a refill.,caveman
go,88,15,I interrupt.,12,where should i go.,i go,1,023,"I interrupted her stating, ""I will go get my manager,'' and walked away.",caveman
i,18,15,Waiter say.,13,How much should i tip,i,0,271,"The waiter said nothing the rest of the evening about us having to leave early, but he was clearly peeved.",caveman
will,47,15,He mention.,14,when will the waiter come,will,1,025,At that point he also mentioned that the boss likes to sit at the booth I asked to sit in and that's why I couldn't sit there.,caveman
ask,41,15,Food good.,15,what did she ask,she ask what,0,243,"The food was good, the service was good, we had a fun time.",caveman
ask,41,15,Food good.,15,what did she ask,she ask what,0,243,"The food was good, the service was good, we had a fun time.",caveman
i,102,15,We start on way.,16,How should i reply,i,7,151,We started on our way out of the restaurant.,caveman
do,78,15,You think.,17,What rules do we not allow?,rule do what,1,022,"If anyone should know better, you'd think it was him, except for his sense of entitlement.",caveman
misbehave,11,16,We be.,1,Son misbehave.,misbehave,3,191,"We were out of things for him to do other than sing ""Old MacDonald'' to him, which probably wouldn't have gone over too well with the other patrons.",caveman
walk,84,16,Seconds come.,2,Walk up to server.,walk to server,0,063,A few seconds later the server came to check on us and asked how our food was.,caveman
give,40,16,Waitress offer.,3,He gives.,he give,0,086,"The waitress offered to refill my mother and brother's glasses, but she never asked if I needed one.",caveman
eat,22,16,It thing.,4,I eat.,I eat,1,153,It was a good thing that they didn't prepare my meal before giving me the price!,caveman
leave,125,16,He stand to i.,5,Waiter leaves.,Waiter leave,1,120,"He was standing next to me, but I did my best to concentrate on my soda and be polite.",caveman
wait,86,16,I order.,6,I wait.,I wait,1,248,"When it came time to pay she brings our ticket and explains that she rang us up for the pecan pie I had ordered as it was less expensive and what I wanted in the first place, but we noticed that she charged us for our friend's Taco Salad.",caveman
ask,88,16,He tell.,7,He ask.,he ask,5,023,He told them they were no longer welcome.,caveman
end,29,16,It pour with rain.,8,Holiday end.,Holiday end,1,171,It was also pouring with rain outside and the restaurant was very busy with only about two tables free.,caveman
leave,68,16,Manager shout after they.,9,He leave.,he leave,6,196,"The manager shouted after them that they had not paid their bill, and the man shouted back something that I can't repeat on a family site.",caveman
grab,62,16,I stick.,10,I grab.,I grab,0,151,At this point I'm just sticking around to watch the show.,caveman
end,10,16,It freezing.,11,It end.,it end,1,025,It's freezing this time of year so I didn't want to sit near the door.,caveman
ask,110,16,I refuse.,12,I ask.,I ask,2,050,I refused but also declined to tip the culprit.,caveman
employee,48,16,Judge try in reality.,13,They are employees.,they employee,1,022,"In reality this ""judge'' was trying to hide his martini on the floor.",caveman
buy,76,16,She decide.,14,She buy.,she buy,1,033,"At this point, she finally decides to get off the phone and gets huffy with the waitress about the ""defective teabag'' and how she needs to place her order ""right now because she's in a hurry.''",caveman
sign,18,16,We remain for hour to spite.,15,I sign.,I sign,1,271,"Just to spite him, we remained at our table for nearly 3 hours.",caveman
I,168,16,Husband decide.,16,I trip.,I,0,177,My husband and I decided to just order a couple of sodas and desserts as we had a big breakfast earlier in the day and we explained to the waitress that our two orders would be on a separate ticket which seemed to confuse her.,caveman
enter,41,16,Food good.,17,We enter.,we enter,0,243,"The food was good, the service was good, we had a fun time.",caveman
able,76,17,She break.,1,She was finally able to decide.,she able,0,033,"Of course, she breaks the teabag inside.",caveman
ready,22,17,It thing.,2,I am ready to order.,I ready to order,1,153,It was a good thing that they didn't prepare my meal before giving me the price!,caveman
need,41,17,We seat.,3,I need to ask for another item.,I need,2,120,"We'd been seated at a booth, but I sat on a regular chair on the outside of the table -- yes, my crazy bubble rules apply to even family members --.",caveman
eat,84,17,Server start.,4,I can definitely still eat more.,I eat more,1,063,"The server started arguing with my wife, ""I made sure the cook knew it had to be rare... the cook was going to leave it on longer but I made him take it off... etc.'' After a minute or so of listening to them argue about whether the burger was well done or rare, I just picked the burger patty up with both hands, they both stopped and looked at me, and I broke the burger patty in half with an audible snap.",caveman
ask,102,17,Salad deliver before appetizer.,5,The waiter asks if we need anything else.,waiter ask,5,151,The salads with the dinners were delivered before the appetizer we ordered.,caveman
do,168,17,I embarrassed.,6,The husband did not mind.,husband do mind,2,177,I was so embarrassed by the spectacle she made us into that I just wanted to leave.,caveman
find,58,17,It freezing.,7,I find a table to enjoy my meal.,I find table,0,171,It's freezing this time of year so I didn't want to sit near the door.,caveman
decide,21,17,Waitress come.,8,I am deciding on what to eat.,I decide,0,243,"After perusing our menus, the waitress came over to take our order.",caveman
have,18,17,Waiter say.,9,We had rude service.,we have service,0,271,"The waiter said nothing the rest of the evening about us having to leave early, but he was clearly peeved.",caveman
make,11,17,Son behave.,10,The son accidentally makes a mess.,son make mess,4,191,Our son was now behaving the way you would expect an 18-month-old to behave after sitting in a high chair for nearly an hour watching other people eat.,caveman
get,110,17,I refuse.,11,I get home from work late.,I get from work,2,050,I refused but also declined to tip the culprit.,caveman
begin,88,17,He tell.,12,I begin to get upset.,I begin,5,023,He told them they were no longer welcome.,caveman
think,78,17,We not allow.,13,I think the meal was good.,I think,0,022,"As I said, we did not allow it to tarnish our evening.",caveman
decide,40,17,I have.,14,I decided to order another.,I decide,1,086,I always had to speak up and try to get her attention for a refill.,caveman
decide,68,17,He throw.,15,They decided to leave the restaurant.,they decide,5,196,"He then would throw that steak on the table, get another one out of the box, throw it on the scale, and again, exclaim:  ""10 ounces!''",caveman
arrive,86,17,I order.,16,We all arrive on time for our meal.,we arrive on time,0,248,After we ordered the waitress came back and apologized saying they were out of the pecan pie I had ordered.,caveman
decide,10,17,It freezing.,17,I decide to order it as well.,I decide,1,025,It's freezing this time of year so I didn't want to sit near the door.,caveman
suck,10,18,It was off to a bad start as soon as I walked in the door.,1,"The weather in Michigan winters sucks, especially in this old house.",weather suck in house,0,025,It was off to a bad start as soon as I walked in the door.,original
strong,76,18,"At this point, she finally decides to get off the phone and gets huffy with the waitress about the ""defective teabag'' and how she needs to place her order ""right now because she's in a hurry.''",2,Now my tea is so strong I can't drink it.,tea strong,1,033,"At this point, she finally decides to get off the phone and gets huffy with the waitress about the ""defective teabag'' and how she needs to place her order ""right now because she's in a hurry.''",original
wear,11,18,Our son was now behaving the way you would expect an 18-month-old to behave after sitting in a high chair for nearly an hour watching other people eat.,3,He eventually wore out and crashed.,he wear,4,191,Our son was now behaving the way you would expect an 18-month-old to behave after sitting in a high chair for nearly an hour watching other people eat.,original
get,68,18,"The manager shouted after them that they had not paid their bill, and the man shouted back something that I can't repeat on a family site.",4,"After the third steak, the man was getting visibly agitated, and appeared to become violent.",man get after steak,6,196,"The manager shouted after them that they had not paid their bill, and the man shouted back something that I can't repeat on a family site.",original
tell,88,18,"I interrupted her stating, ""I will go get my manager,'' and walked away.",5,I told the guest that their coupons were not any good here.,I tell guest,1,023,"I interrupted her stating, ""I will go get my manager,'' and walked away.",original
tell,88,18,"I interrupted her stating, ""I will go get my manager,'' and walked away.",5,I told the guest that their coupons were not any good here.,I tell guest,1,023,"I interrupted her stating, ""I will go get my manager,'' and walked away.",original
come,168,18,My husband and I decided to just order a couple of sodas and desserts as we had a big breakfast earlier in the day and we explained to the waitress that our two orders would be on a separate ticket which seemed to confuse her.,6,My wife came completely unglued and threatened to sue the restaurant.,wife come,0,177,My husband and I decided to just order a couple of sodas and desserts as we had a big breakfast earlier in the day and we explained to the waitress that our two orders would be on a separate ticket which seemed to confuse her.,original
unruly,48,18,"In reality this ""judge'' was trying to hide his martini on the floor.",7,"The patron was unruly, but looked too drunk to do anything about it.",patron unruly,1,022,"In reality this ""judge'' was trying to hide his martini on the floor.",original
know,86,18,After we ordered the waitress came back and apologized saying they were out of the pecan pie I had ordered.,8,"We did not know what the bill would look like, since the rest of the experience was so bad.",we know,0,248,After we ordered the waitress came back and apologized saying they were out of the pecan pie I had ordered.,original
love,41,18,"We're amicable people, and enjoy small-talk with waiters... well, my mum and sister do, I'm hard of hearing so I'm generally quiet.",9,We love this restaurant.,we love restaurant,1,243,"We're amicable people, and enjoy small-talk with waiters... well, my mum and sister do, I'm hard of hearing so I'm generally quiet.",original
hear,40,18,"The waitress offered to refill my mother and brother's glasses, but she never asked if I needed one.",10,The waitress either can't hear or doesn't pay attention.,waitress hear,0,086,"The waitress offered to refill my mother and brother's glasses, but she never asked if I needed one.",original
end,41,18,"The food was good, the service was good, we had a fun time.",11,We ended up carrying on quite a conversation with the waitress.,we end,0,120,"The food was good, the service was good, we had a fun time.",original
douche,18,18,"The waiter said nothing the rest of the evening about us having to leave early, but he was clearly peeved.",12,The annoying waiter was a real douche.,waiter douche,0,271,"The waiter said nothing the rest of the evening about us having to leave early, but he was clearly peeved.",original
tell,84,18,"The server started arguing with my wife, ""I made sure the cook knew it had to be rare... the cook was going to leave it on longer but I made him take it off... etc.'' After a minute or so of listening to them argue about whether the burger was well done or rare, I just picked the burger patty up with both hands, they both stopped and looked at me, and I broke the burger patty in half with an audible snap.",13,We told him it was great.,we tell he,1,063,"The server started arguing with my wife, ""I made sure the cook knew it had to be rare... the cook was going to leave it on longer but I made him take it off... etc.'' After a minute or so of listening to them argue about whether the burger was well done or rare, I just picked the burger patty up with both hands, they both stopped and looked at me, and I broke the burger patty in half with an audible snap.",original
be,110,18,"I wonder, however, what we could have done differently to avoid his attitude.",14,We will not be back.,we be,3,050,"I wonder, however, what we could have done differently to avoid his attitude.",original
embarrassed,22,18,It was a good thing that they didn't prepare my meal before giving me the price!,15,I have never been so embarrassed.,I embarrassed,1,153,It was a good thing that they didn't prepare my meal before giving me the price!,original
get,102,18,We started on our way out of the restaurant.,16,We got up and began to walk out of the restaurant.,we get,7,151,We started on our way out of the restaurant.,original
small,29,18,It happened on a bank holiday and I was not at work that day.,17,The next location was extremely small.,location small,0,171,It happened on a bank holiday and I was not at work that day.,original
bring,84,19,"The server started arguing with my wife, ""I made sure the cook knew it had to be rare... the cook was going to leave it on longer but I made him take it off... etc.'' After a minute or so of listening to them argue about whether the burger was well done or rare, I just picked the burger patty up with both hands, they both stopped and looked at me, and I broke the burger patty in half with an audible snap.",1,A server had just brought out food.,server bring food,1,063,"The server started arguing with my wife, ""I made sure the cook knew it had to be rare... the cook was going to leave it on longer but I made him take it off... etc.'' After a minute or so of listening to them argue about whether the burger was well done or rare, I just picked the burger patty up with both hands, they both stopped and looked at me, and I broke the burger patty in half with an audible snap.",original
awful,18,19,"The waiter said nothing the rest of the evening about us having to leave early, but he was clearly peeved.",2,Our waiter was totally awful. ,waiter awful,0,271,"The waiter said nothing the rest of the evening about us having to leave early, but he was clearly peeved.",original
pain,76,19,"Of course, she breaks the teabag inside.",3,Martha has been being a complete pain all night.,Martha pain tmod night,0,033,"Of course, she breaks the teabag inside.",original
make,88,19,He told them they were no longer welcome.,4,I made it clear that I wouldn't tolerate that type of behavior either.,I make,5,023,He told them they were no longer welcome.,original
helpful,40,19,I always had to speak up and try to get her attention for a refill.,5,The waitress was helpful but seemed to dislike me.,waitress helpful,1,086,I always had to speak up and try to get her attention for a refill.,original
begin,102,19,We started on our way out of the restaurant.,6,We began leaving the restaurant.,we begin,7,151,We started on our way out of the restaurant.,original
enjoy,78,19,"If anyone should know better, you'd think it was him, except for his sense of entitlement.",7,We enjoyed the night just fine.,we enjoy,1,022,"If anyone should know better, you'd think it was him, except for his sense of entitlement.",original
spot,20,19,"A couple of months ago my husband and I were out running errands and decide to meet up with some friends at a local ""Mom & Pop'' restaurant.",8,We spotted a couple of friends there.,we spot couple,1,177,"A couple of months ago my husband and I were out running errands and decide to meet up with some friends at a local ""Mom & Pop'' restaurant.",original
offer,110,19,"I wonder, however, what we could have done differently to avoid his attitude.",9,He offered to take it back to the kitchen to heat it up,he offer,3,050,"I wonder, however, what we could have done differently to avoid his attitude.",original
have,22,19,It was a good thing that they didn't prepare my meal before giving me the price!,10,I had no money to pay. ,I have money,1,153,It was a good thing that they didn't prepare my meal before giving me the price!,original
happy,41,19,"The food was good, the service was good, we had a fun time.",11,I was happy to be out at lunch.,I happy,0,120,"The food was good, the service was good, we had a fun time.",original
ask,21,19,"After perusing our menus, the waitress came over to take our order.",12,The waitress asked for my order.,waitress ask for order,0,243,"After perusing our menus, the waitress came over to take our order.",original
eat,68,19,"He then would throw that steak on the table, get another one out of the box, throw it on the scale, and again, exclaim:  ""10 ounces!''",13,The couple ate some and decided to run out on the bill.,couple eat some,5,196,"He then would throw that steak on the table, get another one out of the box, throw it on the scale, and again, exclaim:  ""10 ounces!''",original
wait,133,19,"We waited some more, but only until we could snag our waiter, who was now quite a bit busier, since nearly an hour had passed and many more people had come in.",14,We'd been waiting for food for nearly forty minutes,we wait for food,0,191,"We waited some more, but only until we could snag our waiter, who was now quite a bit busier, since nearly an hour had passed and many more people had come in.",original
offer,86,19,"When it came time to pay she brings our ticket and explains that she rang us up for the pecan pie I had ordered as it was less expensive and what I wanted in the first place, but we noticed that she charged us for our friend's Taco Salad.",15,They offered to make me a fresh new pie. ,they offer,1,248,"When it came time to pay she brings our ticket and explains that she rang us up for the pecan pie I had ordered as it was less expensive and what I wanted in the first place, but we noticed that she charged us for our friend's Taco Salad.",original
go,58,19,It's freezing this time of year so I didn't want to sit near the door.,16,I went to a restaurant and they told me to wait for an open table. ,I go to restaurant,0,171,It's freezing this time of year so I didn't want to sit near the door.,original
horrible,10,19,It's freezing this time of year so I didn't want to sit near the door.,17,My day was horrible.,day horrible,1,025,It's freezing this time of year so I didn't want to sit near the door.,original
ask,88,20,He tell.,1,He asked a question about the restaurant.,he ask question about restaurant,4,023,"He told her and her husband that he didn't appreciate their rude treatment of his staff, which happened every time they came in.",caveman
call,86,20,I order.,2,I called the restaurant,I call restaurant,0,248,After we ordered the waitress came back and apologized saying they were out of the pecan pie I had ordered.,caveman
great,84,20,Server start.,3,The food was great.,food great,1,063,"The server started arguing with my wife, ""I made sure the cook knew it had to be rare... the cook was going to leave it on longer but I made him take it off... etc.'' After a minute or so of listening to them argue about whether the burger was well done or rare, I just picked the burger patty up with both hands, they both stopped and looked at me, and I broke the burger patty in half with an audible snap.",caveman
serve,10,20,It be.,4,The dessert was served.,dessert serve,0,025,It was off to a bad start as soon as I walked in the door.,caveman
ask,102,20,We start on way.,5,I asked for the manager.,I ask for manager,7,151,We started on our way out of the restaurant.,caveman
order,22,20,I order.,6,I ordered a meal.,I order meal,0,153,"I ordered a fairly simple meal, and it was only when I opened my wallet that I suddenly realised I had forgotten to go to the bank.",caveman
accept,40,20,I have.,7,I accepted her offer.,I accept offer,1,086,I always had to speak up and try to get her attention for a refill.,caveman
suggest,78,20,We not allow.,8,The waiter suggested an option.,waiter suggest option,0,022,"As I said, we did not allow it to tarnish our evening.",caveman
horrible,18,20,Waiter say.,9,The service was horrible,service horrible,0,271,"The waiter said nothing the rest of the evening about us having to leave early, but he was clearly peeved.",caveman
arrive,58,20,It freezing.,10,I arrived at the restaurant.,I arrive at restaurant,0,171,It's freezing this time of year so I didn't want to sit near the door.,caveman
complain,110,20,I wonder.,11,I complained to the manager,I complain to manager,3,050,"I wonder, however, what we could have done differently to avoid his attitude.",caveman
begin,11,20,We be.,12,My son began to throw a tantrum,son begin,3,191,"We were out of things for him to do other than sing ""Old MacDonald'' to him, which probably wouldn't have gone over too well with the other patrons.",caveman
arrive,41,20,Food good.,13,We arrived at the restaurant.,we arrive at restaurant,0,243,"The food was good, the service was good, we had a fun time.",caveman
greet,41,20,Food good.,14,We were greeted by the hostess,we greet agent hostess,0,120,"The food was good, the service was good, we had a fun time.",caveman
laugh,168,20,I embarrassed.,15,Everyone laughs at him.,everyone laugh at he,2,177,I was so embarrassed by the spectacle she made us into that I just wanted to leave.,caveman
ask,68,20,He put on table.,16,The man asks for the time.,man ask for time,3,196,"He put the box and the scale down on their table, and proceeded to pull raw steaks out of the box.",caveman
argue,76,20,She break.,17,We argued about what we would get.,we argue,0,033,"Of course, she breaks the teabag inside.",caveman
full,40,21,I always had to speak up and try to get her attention for a refill.,1,when they were half full,they full,1,086,I always had to speak up and try to get her attention for a refill.,original
come,84,21,"The server started arguing with my wife, ""I made sure the cook knew it had to be rare... the cook was going to leave it on longer but I made him take it off... etc.'' After a minute or so of listening to them argue about whether the burger was well done or rare, I just picked the burger patty up with both hands, they both stopped and looked at me, and I broke the burger patty in half with an audible snap.",2,She came back and asked us about the meal.,she come,1,063,"The server started arguing with my wife, ""I made sure the cook knew it had to be rare... the cook was going to leave it on longer but I made him take it off... etc.'' After a minute or so of listening to them argue about whether the burger was well done or rare, I just picked the burger patty up with both hands, they both stopped and looked at me, and I broke the burger patty in half with an audible snap.",original
find,62,21,At this point I'm just sticking around to watch the show.,3,I found a snot rag in my salad.,I find rag in salad,0,151,At this point I'm just sticking around to watch the show.,original
think,68,21,"The manager shouted after them that they had not paid their bill, and the man shouted back something that I can't repeat on a family site.",4,The man next to us thought they weren't giving him the full size of steak he ordered.,man think next_to we,6,196,"The manager shouted after them that they had not paid their bill, and the man shouted back something that I can't repeat on a family site.",original
stay,18,21,"The waiter said nothing the rest of the evening about us having to leave early, but he was clearly peeved.",5,We stayed at the table longer than normal and I tipped more than I should have.,we stay at table,0,271,"The waiter said nothing the rest of the evening about us having to leave early, but he was clearly peeved.",original
cold,10,21,It was off to a bad start as soon as I walked in the door.,6,It's so cold out now and the door is drafty.,it cold,0,025,It was off to a bad start as soon as I walked in the door.,original
friendly,41,21,"The food was good, the service was good, we had a fun time.",7,"We're friendly, but I'm shy.",we friendly,0,243,"The food was good, the service was good, we had a fun time.",original
income,110,21,The dish was not hot and barely palatable; I believe he deliberately left it sitting before he brought it out as there were not enough other customers for the kitchen to be backed up.,8,We are on a fixed income.,we income,1,050,The dish was not hot and barely palatable; I believe he deliberately left it sitting before he brought it out as there were not enough other customers for the kitchen to be backed up.,original
make,86,21,After we ordered the waitress came back and apologized saying they were out of the pecan pie I had ordered.,9,The waitress made several mistakes on our order.,waitress make mistake on order,0,248,After we ordered the waitress came back and apologized saying they were out of the pecan pie I had ordered.,original
bring,88,21,"I interrupted her stating, ""I will go get my manager,'' and walked away.",10,They had brought coupons in that we didn't normally accept.,they bring coupon,1,023,"I interrupted her stating, ""I will go get my manager,'' and walked away.",original
be,168,21,I was so embarrassed by the spectacle she made us into that I just wanted to leave.,11,It's like they thought we were divorced.,it be,2,177,I was so embarrassed by the spectacle she made us into that I just wanted to leave.,original
make,78,21,"If anyone should know better, you'd think it was him, except for his sense of entitlement.",12,We made up for the evening later on.,we make on evening,1,022,"If anyone should know better, you'd think it was him, except for his sense of entitlement.",original
hard,133,21,"We waited some more, but only until we could snag our waiter, who was now quite a bit busier, since nearly an hour had passed and many more people had come in.",13,It was hard to believe that they already had their food.,it hard,0,191,"We waited some more, but only until we could snag our waiter, who was now quite a bit busier, since nearly an hour had passed and many more people had come in.",original
look,76,21,"Of course, she breaks the teabag inside.",14,I looked at the rude woman on her cellphone as she held up the rest of the line.,I look at woman,0,033,"Of course, she breaks the teabag inside.",original
tell,58,21,It's freezing this time of year so I didn't want to sit near the door.,15,They told me that the booth was reserved and so I couldn't have it.,they tell I,0,171,It's freezing this time of year so I didn't want to sit near the door.,original
have,22,21,It was a good thing that they didn't prepare my meal before giving me the price!,16,I had no idea how I was going to pay for the food.,I have idea,1,153,It was a good thing that they didn't prepare my meal before giving me the price!,original
decide,41,21,"The food was good, the service was good, we had a fun time.",17,We decided to try the new restaurant with good reviews.,we decide,0,120,"The food was good, the service was good, we had a fun time.",original
man,68,22,Manager shout after they.,1,Man leave.,man,6,196,"The manager shouted after them that they had not paid their bill, and the man shouted back something that I can't repeat on a family site.",caveman
decide,41,22,Food good.,2,We decide.,we decide,0,120,"The food was good, the service was good, we had a fun time.",caveman
sit,86,22,I order.,3,Group sit.,Group sit,0,248,After we ordered the waitress came back and apologized saying they were out of the pecan pie I had ordered.,caveman
apologize,88,22,I interrupt.,4,I apologize.,I apologize,1,023,"I interrupted her stating, ""I will go get my manager,'' and walked away.",caveman
make,11,22,Son behave.,5,He make mistake.,he make mistake,4,191,Our son was now behaving the way you would expect an 18-month-old to behave after sitting in a high chair for nearly an hour watching other people eat.,caveman
ask,110,22,I wonder.,6,I ask.,I ask,3,050,"I wonder, however, what we could have done differently to avoid his attitude.",caveman
leave,78,22,You think.,7,We leave.,we leave,1,022,"If anyone should know better, you'd think it was him, except for his sense of entitlement.",caveman
enter,41,22,We people.,8,We enter.,we enter,1,243,"We're amicable people, and enjoy small-talk with waiters... well, my mum and sister do, I'm hard of hearing so I'm generally quiet.",caveman
leave,18,22,I tip.,9,We leave.,we leave,2,271,"I usually tip well, but I gave the waiter 12%, which actually was too much.",caveman
drop,168,22,Husband decide.,10,I drop.,I drop,0,177,My husband and I decided to just order a couple of sodas and desserts as we had a big breakfast earlier in the day and we explained to the waitress that our two orders would be on a separate ticket which seemed to confuse her.,caveman
see,22,22,I order.,11,I see.,I see,0,153,"I ordered a fairly simple meal, and it was only when I opened my wallet that I suddenly realised I had forgotten to go to the bank.",caveman
accept,40,22,I have.,12,I accept.,I accept,1,086,I always had to speak up and try to get her attention for a refill.,caveman
sit,84,22,Seconds come.,13,I sit.,I sit,0,063,A few seconds later the server came to check on us and asked how our food was.,caveman
ask,102,22,Salad deliver before appetizer.,14,Waiter ask.,Waiter ask,5,151,The salads with the dinners were delivered before the appetizer we ordered.,caveman
ask,76,22,She break.,15,He asks.,he ask,0,033,"Of course, she breaks the teabag inside.",caveman
arrive,29,22,It happen on holiday.,16,We arrive.,we arrive,0,171,It happened on a bank holiday and I was not at work that day.,caveman
ask,47,22,He mention.,17,He ask.,he ask,1,025,At that point he also mentioned that the boss likes to sit at the booth I asked to sit in and that's why I couldn't sit there.,caveman
walk,68,23,Manager shout.,1,The couple walked out of the restaurant.,couple walk of restaurant,6,196,"The manager shouted after them that they had not paid their bill, and the man shouted back something that I can't repeat on a family site.",event_only
apologize,11,23,Son behave.,2,We apologized for the problem.,we apologize for problem,4,191,Our son was now behaving the way you would expect an 18-month-old to behave after sitting in a high chair for nearly an hour watching other people eat.,event_only
work,84,23,Server start.,3,We then worked on eating the food.,we work,1,063,"The server started arguing with my wife, ""I made sure the cook knew it had to be rare... the cook was going to leave it on longer but I made him take it off... etc.'' After a minute or so of listening to them argue about whether the burger was well done or rare, I just picked the burger patty up with both hands, they both stopped and looked at me, and I broke the burger patty in half with an audible snap.",event_only
take,47,23,He mention.,4,He took our order.,he take order,1,025,At that point he also mentioned that the boss likes to sit at the booth I asked to sit in and that's why I couldn't sit there.,event_only
apologize,76,23,She decide.,5,We apologized many times.,we apologize time,1,033,"At this point, she finally decides to get off the phone and gets huffy with the waitress about the ""defective teabag'' and how she needs to place her order ""right now because she's in a hurry.''",event_only
stand,78,23,We allow.,6,We stood around.,we stand,0,022,"As I said, we did not allow it to tarnish our evening.",event_only
need,110,23,Dish hot.,7,I still need to work.,I need,1,050,The dish was not hot and barely palatable; I believe he deliberately left it sitting before he brought it out as there were not enough other customers for the kitchen to be backed up.,event_only
thank,18,23,We remain.,8,We thank him.,we thank he,1,271,"Just to spite him, we remained at our table for nearly 3 hours.",event_only
order,86,23,I order.,9,Other people order their food.,people order food,1,248,"When it came time to pay she brings our ticket and explains that she rang us up for the pecan pie I had ordered as it was less expensive and what I wanted in the first place, but we noticed that she charged us for our friend's Taco Salad.",event_only
accept,40,23,I have.,10,We accept the offer.,we accept offer,1,086,I always had to speak up and try to get her attention for a refill.,event_only
make,41,23,Food good.,11,We made reservations.,we make reservation,0,243,"The food was good, the service was good, we had a fun time.",event_only
surprise,29,23,It pour.,12,We were surprised.,we surprise,1,171,It was also pouring with rain outside and the restaurant was very busy with only about two tables free.,event_only
sit,41,23,We seat.,13,We sat down.,we sit,2,120,"We'd been seated at a booth, but I sat on a regular chair on the outside of the table -- yes, my crazy bubble rules apply to even family members --.",event_only
push,62,23,I stick.,14,I pushed.,I push,0,151,At this point I'm just sticking around to watch the show.,event_only
apologize,88,23,I interrupt.,15,I apologized.,I apologize,1,023,"I interrupted her stating, ""I will go get my manager,'' and walked away.",event_only
work,22,23,I order.,16,It worked.,it work,0,153,"I ordered a fairly simple meal, and it was only when I opened my wallet that I suddenly realised I had forgotten to go to the bank.",event_only
order,20,23,Couple run.,17,Sister orders.,order,1,177,"A couple of months ago my husband and I were out running errands and decide to meet up with some friends at a local ""Mom & Pop'' restaurant.",event_only
knock,168,24,My husband and I decided to just order a couple of sodas and desserts as we had a big breakfast earlier in the day and we explained to the waitress that our two orders would be on a separate ticket which seemed to confuse her.,1,My friend knocked over a dessert cart at a restaurant.,friend knock over cart at restaurant,0,177,My husband and I decided to just order a couple of sodas and desserts as we had a big breakfast earlier in the day and we explained to the waitress that our two orders would be on a separate ticket which seemed to confuse her.,original
keep,18,24,"The waiter said nothing the rest of the evening about us having to leave early, but he was clearly peeved.",2,Our waiter kept trying to rush us to finish our meals.,waiter keep,0,271,"The waiter said nothing the rest of the evening about us having to leave early, but he was clearly peeved.",original
enjoy,29,24,It happened on a bank holiday and I was not at work that day.,3,"I couldn't enjoy my meal, because of two screaming babies in the restaurant.",I enjoy meal,0,171,It happened on a bank holiday and I was not at work that day.,original
get,102,24,We started on our way out of the restaurant.,4,We got up and headed for the door.,we get,7,151,We started on our way out of the restaurant.,original
get,68,24,"He put the box and the scale down on their table, and proceeded to pull raw steaks out of the box.",5,"The man got up, scoffed at the manager and walked towards the door.",man get,3,196,"He put the box and the scale down on their table, and proceeded to pull raw steaks out of the box.",original
attentive,40,24,"The waitress offered to refill my mother and brother's glasses, but she never asked if I needed one.",6,My waitress wasn't very attentive.,waitress attentive,0,086,"The waitress offered to refill my mother and brother's glasses, but she never asked if I needed one.",original
tell,84,24,A few seconds later the server came to check on us and asked how our food was.,7,My wife told the server that her steak was overcooked.,wife tell server,0,063,A few seconds later the server came to check on us and asked how our food was.,original
disrespectful,88,24,He told them they were no longer welcome.,8,The couple were so disrespectful to me.,couple disrespectful to I,5,023,He told them they were no longer welcome.,original
seem,125,24,"He was standing next to me, but I did my best to concentrate on my soda and be polite.",9,It seemed as though he was going to kiss my mum.,it seem,1,120,"He was standing next to me, but I did my best to concentrate on my soda and be polite.",original
seem,41,24,"We're amicable people, and enjoy small-talk with waiters... well, my mum and sister do, I'm hard of hearing so I'm generally quiet.",10,The restaurant seemed loud with all the people talking.,restaurant seem,1,243,"We're amicable people, and enjoy small-talk with waiters... well, my mum and sister do, I'm hard of hearing so I'm generally quiet.",original
go,86,24,After we ordered the waitress came back and apologized saying they were out of the pecan pie I had ordered.,11,I'm never going to this restaurant again.,I go to restaurant,0,248,After we ordered the waitress came back and apologized saying they were out of the pecan pie I had ordered.,original
keep,76,24,"Of course, she breaks the teabag inside.",12,"The woman kept changing her order, and had been talking on her phone for five minutes.",woman keep,0,033,"Of course, she breaks the teabag inside.",original
rude,110,24,The dish was not hot and barely palatable; I believe he deliberately left it sitting before he brought it out as there were not enough other customers for the kitchen to be backed up.,13,Our server was extremely rude to us at the restaurant.,server rude to we at restaurant,1,050,The dish was not hot and barely palatable; I believe he deliberately left it sitting before he brought it out as there were not enough other customers for the kitchen to be backed up.,original
tell,22,24,It was a good thing that they didn't prepare my meal before giving me the price!,14,The waitress told me there was an ATM next door if I needed to get cash.,waitress tell I,1,153,It was a good thing that they didn't prepare my meal before giving me the price!,original
complain,48,24,"In reality this ""judge'' was trying to hide his martini on the floor.",15,The man loudly complained and then proceeded to knock a glass off the bar.,man complain,1,022,"In reality this ""judge'' was trying to hide his martini on the floor.",original
notice,10,24,It's freezing this time of year so I didn't want to sit near the door.,16,I noticed a server on staff that day was the same one who'd been rude to me before.,I notice,1,025,It's freezing this time of year so I didn't want to sit near the door.,original
start,11,24,Our son was now behaving the way you would expect an 18-month-old to behave after sitting in a high chair for nearly an hour watching other people eat.,17,"My kid started to scream loudly, because he was tired.",kid start,4,191,Our son was now behaving the way you would expect an 18-month-old to behave after sitting in a high chair for nearly an hour watching other people eat.,original
