workerid,document,chain,clozeIndex,original,gloss,entitymatch,vpmatch,vp,response,condition,trialnum
12,50,110,1, I believe he deliberately left it sitting before he brought it out as there were not enough other customers for the kitchen to be backed up.,Dish not hot.,TODO,no,talk,My wife is talking to me about retiring from work.,caveman,NA
2,177,20,1,"A couple of months ago my husband and I were out running errands and decide to meet up with some friends at a local ""Mom & Pop'' restaurant.",Couple run.,TODO,no,come,My friend came over.,event_only,10
5,177,20,1,"A couple of months ago my husband and I were out running errands and decide to meet up with some friends at a local ""Mom & Pop'' restaurant.",Couple run.,TODO,no,first,We were the first ones to show up ,event_only,11
7,177,20,1,"A couple of months ago my husband and I were out running errands and decide to meet up with some friends at a local ""Mom & Pop'' restaurant.",Couple run.,TODO,no,go,Mother go to bed.,event_only,16
9,177,20,1,"A couple of months ago my husband and I were out running errands and decide to meet up with some friends at a local ""Mom & Pop'' restaurant.",Couple run.,TODO,yes,go,They go to a restaurant.,caveman,9
13,177,20,1,"A couple of months ago my husband and I were out running errands and decide to meet up with some friends at a local ""Mom & Pop'' restaurant.",Couple run.,TODO,no,dream,It would be a dream come true despite the details to work out.,caveman,2
19,177,20,1,"A couple of months ago my husband and I were out running errands and decide to meet up with some friends at a local ""Mom & Pop'' restaurant.","A couple of months ago my husband and I were out running errands and decide to meet up with some friends at a local ""Mom & Pop'' restaurant.",TODO,yes,seem,We spotted a couple of friends there.,original,8
23,177,20,1,"A couple of months ago my husband and I were out running errands and decide to meet up with some friends at a local ""Mom & Pop'' restaurant.",Couple run.,TODO,yes,order,Sister orders.,event_only,17
2,63,84,0,A few seconds later the server came to check on us and asked how our food was.,Seconds come.,TODO,NA,NA,All I can see is blurred words and 'server start' written over them?,event_only,1
4,63,84,0,A few seconds later the server came to check on us and asked how our food was.,A few seconds later the server came to check on us and asked how our food was.,TODO,no,complain,My wife complained that her steak was overdone.,original,10
5,63,84,0,A few seconds later the server came to check on us and asked how our food was.,Seconds come.,TODO,no,order,Despite that we went ahead with our order ,event_only,3
7,63,84,0,A few seconds later the server came to check on us and asked how our food was.,Seconds come.,yes,no,start,Server start soon.,event_only,10
9,63,84,0,A few seconds later the server came to check on us and asked how our food was.,Seconds come.,TODO,no,web,The web server was turned on.,caveman,1
11,63,84,0,A few seconds later the server came to check on us and asked how our food was.,Seconds come.,TODO,no,come,Food come.,caveman,10
12,63,84,0,A few seconds later the server came to check on us and asked how our food was.,Seconds come.,TODO,no,talk,We stop talking at the waiter approaches the table.,caveman,12
14,63,84,0,A few seconds later the server came to check on us and asked how our food was.,Seconds come.,TODO,no,sit,We sat down.,event_only,13
16,63,84,0,A few seconds later the server came to check on us and asked how our food was.,Seconds come.,TODO,no,walk,Walk up to server.,caveman,2
22,63,84,0,A few seconds later the server came to check on us and asked how our food was.,Seconds come.,TODO,no,sit,I sit.,caveman,13
24,63,84,0,A few seconds later the server came to check on us and asked how our food was.,A few seconds later the server came to check on us and asked how our food was.,TODO,no,tell,My wife told the server that her steak was overcooked.,original,7
1,243,21,0,"After perusing our menus, the waitress came over to take our order.",Waitress come.,no,no,find,How often do people find bugs in their food?,caveman,2
3,243,21,0,"After perusing our menus, the waitress came over to take our order.",Waitress come.,TODO,no,know,We didn't know what some of the dishes were.,caveman,9
6,243,21,0,"After perusing our menus, the waitress came over to take our order.",Waitress come.,TODO,no,ask,Someone made a special request at a restaurant that the waitress had to check up on.,event_only,17
7,243,21,0,"After perusing our menus, the waitress came over to take our order.",Waitress come.,yes,no,look,Waitress looked at him.,event_only,6
17,243,21,0,"After perusing our menus, the waitress came over to take our order.",Waitress come.,TODO,no,decide,I am deciding on what to eat.,caveman,8
19,243,21,0,"After perusing our menus, the waitress came over to take our order.","After perusing our menus, the waitress came over to take our order.",TODO,yes,ask,The waitress asked for my order.,original,12
1,248,86,0,After we ordered the waitress came back and apologized saying they were out of the pecan pie I had ordered.,I order.,TODO,no,wait,We waited forever to be seated. ,caveman,11
2,248,86,0,After we ordered the waitress came back and apologized saying they were out of the pecan pie I had ordered.,I order.,TODO,no,sit,We sit down.,event_only,15
3,248,86,0,After we ordered the waitress came back and apologized saying they were out of the pecan pie I had ordered.,I order.,TODO,no,wait,It took a long time for us to be seated.,caveman,10
6,248,86,0,After we ordered the waitress came back and apologized saying they were out of the pecan pie I had ordered.,I order.,TODO,no,order,They placed an order and had to wait for what they felt was an unreasonable amount of time.,event_only,5
7,248,86,0,After we ordered the waitress came back and apologized saying they were out of the pecan pie I had ordered.,I order.,TODO,no,order,I order a pizza.,event_only,14
8,248,86,0,After we ordered the waitress came back and apologized saying they were out of the pecan pie I had ordered.,After we ordered the waitress came back and apologized saying they were out of the pecan pie I had ordered.,TODO,no,wave,I was waving to the waitress that we needed our bill.,original,15
12,248,86,0,After we ordered the waitress came back and apologized saying they were out of the pecan pie I had ordered.,I order.,TODO,no,sit,I sat down at the table in the restaurant.,caveman,9
14,248,86,0,After we ordered the waitress came back and apologized saying they were out of the pecan pie I had ordered.,I order.,TODO,no,reserve,We made a reservation and got a table quickly.,event_only,17
15,248,86,0,After we ordered the waitress came back and apologized saying they were out of the pecan pie I had ordered.,I order.,TODO,no,order,What soup should I order,caveman,10
17,248,86,0,After we ordered the waitress came back and apologized saying they were out of the pecan pie I had ordered.,I order.,TODO,no,arrive,We all arrive on time for our meal.,caveman,16
18,248,86,0,After we ordered the waitress came back and apologized saying they were out of the pecan pie I had ordered.,After we ordered the waitress came back and apologized saying they were out of the pecan pie I had ordered.,TODO,no,know,"We did not know what the bill would look like, since the rest of the experience was so bad.",original,8
20,248,86,0,After we ordered the waitress came back and apologized saying they were out of the pecan pie I had ordered.,I order.,TODO,no,call,I called the restaurant,caveman,2
21,248,86,0,After we ordered the waitress came back and apologized saying they were out of the pecan pie I had ordered.,After we ordered the waitress came back and apologized saying they were out of the pecan pie I had ordered.,TODO,no,mistake,The waitress made several mistakes on our order.,original,9
22,248,86,0,After we ordered the waitress came back and apologized saying they were out of the pecan pie I had ordered.,I order.,TODO,no,sit,Group sit.,caveman,3
24,248,86,0,After we ordered the waitress came back and apologized saying they were out of the pecan pie I had ordered.,After we ordered the waitress came back and apologized saying they were out of the pecan pie I had ordered.,TODO,no,go,I'm never going to this restaurant again.,original,11
1,22,78,0,"As I said, we did not allow it to tarnish our evening.",We not allow.,no,no,delicious,The food at this place is delicious. ,caveman,7
12,22,78,0,"As I said, we did not allow it to tarnish our evening.",We not allow.,TODO,no,wrong,"You think you was correct, but really you had it all wrong.",caveman,1
17,22,78,0,"As I said, we did not allow it to tarnish our evening.",We not allow.,TODO,no,think,I think the meal was good.,caveman,13
20,22,78,0,"As I said, we did not allow it to tarnish our evening.",We not allow.,TODO,no,suggest,The waiter suggested an option.,caveman,8
23,22,78,0,"As I said, we did not allow it to tarnish our evening.",We allow.,TODO,no,stand,We stood around.,event_only,6
1,25,47,1,At that point he also mentioned that the boss likes to sit at the booth I asked to sit in and that's why I couldn't sit there.,He mention.,no,no,need,I needed a refill. ,caveman,8
7,25,47,1,At that point he also mentioned that the boss likes to sit at the booth I asked to sit in and that's why I couldn't sit there.,He mention.,TODO,no,come,Waiter come quick.,event_only,3
9,25,47,1,At that point he also mentioned that the boss likes to sit at the booth I asked to sit in and that's why I couldn't sit there.,He mention.,TODO,no,eat,They ate their meal.,caveman,11
13,25,47,1,At that point he also mentioned that the boss likes to sit at the booth I asked to sit in and that's why I couldn't sit there.,He mention.,TODO,no,order,We both ordered the same thing.,caveman,17
15,25,47,1,At that point he also mentioned that the boss likes to sit at the booth I asked to sit in and that's why I couldn't sit there.,He mention.,TODO,no,come,when will the waiter come,caveman,14
22,25,47,1,At that point he also mentioned that the boss likes to sit at the booth I asked to sit in and that's why I couldn't sit there.,He mention.,TODO,no,ask,He ask.,caveman,17
23,25,47,1,At that point he also mentioned that the boss likes to sit at the booth I asked to sit in and that's why I couldn't sit there.,He mention.,TODO,no,take,He took our order.,event_only,4
1,151,62,0,At this point I'm just sticking around to watch the show.,I stick.,no,no,empty,The salad bar was completely empty. ,caveman,9
2,151,62,0,At this point I'm just sticking around to watch the show.,I stick.,TODO,no,need,I needed to sneeze.,event_only,8
3,151,62,0,At this point I'm just sticking around to watch the show.,I stick.,TODO,no,look,Something didn't look right on the plate.,caveman,14
4,151,62,0,At this point I'm just sticking around to watch the show.,At this point I'm just sticking around to watch the show.,TODO,no,order,"I ordered a salad, and noticed there was something wrong.",original,17
8,151,62,0,At this point I'm just sticking around to watch the show.,At this point I'm just sticking around to watch the show.,TODO,no,notice,I looked on the table and I noticed a tissue.,original,9
10,151,62,0,At this point I'm just sticking around to watch the show.,I stick.,TODO,no,funny,What happened next was really funny.,event_only,12
12,151,62,0,At this point I'm just sticking around to watch the show.,I stick.,TODO,no,notice,I looked down at my salad and noticed something.,caveman,15
13,151,62,0,At this point I'm just sticking around to watch the show.,I stick.,TODO,no,leave,We left at the same time.,caveman,4
16,151,62,0,At this point I'm just sticking around to watch the show.,I stick.,TODO,no,grab,I grab.,caveman,10
21,151,62,0,At this point I'm just sticking around to watch the show.,At this point I'm just sticking around to watch the show.,TODO,no,find,I found a snot rag in my salad.,original,3
23,151,62,0,At this point I'm just sticking around to watch the show.,I stick.,TODO,no,push,I pushed.,event_only,14
1,33,76,1,"At this point, she finally decides to get off the phone and gets huffy with the waitress about the ""defective teabag'' and how she needs to place her order ""right now because she's in a hurry.''",She decide.,TODO,no,crash,The dishes crashed to the floor. ,caveman,15
4,33,76,1,"At this point, she finally decides to get off the phone and gets huffy with the waitress about the ""defective teabag'' and how she needs to place her order ""right now because she's in a hurry.''","At this point, she finally decides to get off the phone and gets huffy with the waitress about the ""defective teabag'' and how she needs to place her order ""right now because she's in a hurry.''",TODO,no,pour,Loose tea leaves poured out everywhere.,original,9
5,33,76,1,"At this point, she finally decides to get off the phone and gets huffy with the waitress about the ""defective teabag'' and how she needs to place her order ""right now because she's in a hurry.''",She decide.,TODO,no,interested,We were interested in hearing about the specials. ,event_only,8
11,33,76,1,"At this point, she finally decides to get off the phone and gets huffy with the waitress about the ""defective teabag'' and how she needs to place her order ""right now because she's in a hurry.''",She decide.,TODO,no,break,I break.,caveman,2
15,33,76,1,"At this point, she finally decides to get off the phone and gets huffy with the waitress about the ""defective teabag'' and how she needs to place her order ""right now because she's in a hurry.''",She decide.,TODO,no,break,what bone did she break,caveman,8
16,33,76,1,"At this point, she finally decides to get off the phone and gets huffy with the waitress about the ""defective teabag'' and how she needs to place her order ""right now because she's in a hurry.''",She decide.,TODO,no,buy,She buy.,caveman,14
18,33,76,1,"At this point, she finally decides to get off the phone and gets huffy with the waitress about the ""defective teabag'' and how she needs to place her order ""right now because she's in a hurry.''","At this point, she finally decides to get off the phone and gets huffy with the waitress about the ""defective teabag'' and how she needs to place her order ""right now because she's in a hurry.''",TODO,no,strong,Now my tea is so strong I can't drink it.,original,2
23,33,76,1,"At this point, she finally decides to get off the phone and gets huffy with the waitress about the ""defective teabag'' and how she needs to place her order ""right now because she's in a hurry.''",She decide.,TODO,no,apologize,We apologized many times.,event_only,5
1,196,68,3,"He put the box and the scale down on their table, and proceeded to pull raw steaks out of the box.",He put on table.,no,no,refuse,"The couple refused to pay for their meals, and made quite the scene. ",caveman,5
4,196,68,3,"He put the box and the scale down on their table, and proceeded to pull raw steaks out of the box.","He put the box and the scale down on their table, and proceeded to pull raw steaks out of the box.",TODO,no,storm,"When the man didn't believe him, the manager stormed into the kitchen and produced a book from the fridge.",original,1
6,196,68,3,"He put the box and the scale down on their table, and proceeded to pull raw steaks out of the box.",He put.,TODO,no,throw,"Someone threw something, which made the manager yell, and then the manager to explain what happened and assure a couple to stay.",event_only,8
8,196,68,3,"He put the box and the scale down on their table, and proceeded to pull raw steaks out of the box.","He put the box and the scale down on their table, and proceeded to pull raw steaks out of the box.",TODO,no,ask,"The man asked the manager, how do they know for sure they were 10 oz.",original,10
20,196,68,3,"He put the box and the scale down on their table, and proceeded to pull raw steaks out of the box.",He put on table.,TODO,no,ask,The man asks for the time.,caveman,16
24,196,68,3,"He put the box and the scale down on their table, and proceeded to pull raw steaks out of the box.","He put the box and the scale down on their table, and proceeded to pull raw steaks out of the box.",TODO,no,leave,"The man got up, scoffed at the manager and walked towards the door.",original,5
2,196,68,5,"He then would throw that steak on the table, get another one out of the box, throw it on the scale, and again, exclaim:  ""10 ounces!''",He throw.,TODO,no,give in,I did not give in/,event_only,7
3,196,68,5,"He then would throw that steak on the table, get another one out of the box, throw it on the scale, and again, exclaim:  ""10 ounces!''",He throw.,TODO,no,leave,The people left without paying.,caveman,2
5,196,68,5,"He then would throw that steak on the table, get another one out of the box, throw it on the scale, and again, exclaim:  ""10 ounces!''",He throw.,TODO,no,want,The point was that we wanted it made our way ,event_only,2
7,196,68,5,"He then would throw that steak on the table, get another one out of the box, throw it on the scale, and again, exclaim:  ""10 ounces!''",He throw.,TODO,no,put,He put the headphones on.,event_only,11
14,196,68,5,"He then would throw that steak on the table, get another one out of the box, throw it on the scale, and again, exclaim:  ""10 ounces!''",He throw.,TODO,no,ask,We asked for our meal to be comped.,event_only,1
15,196,68,5,"He then would throw that steak on the table, get another one out of the box, throw it on the scale, and again, exclaim:  ""10 ounces!''",He throw.,TODO,no,NA,WHo could this couple be.,caveman,5
17,196,68,5,"He then would throw that steak on the table, get another one out of the box, throw it on the scale, and again, exclaim:  ""10 ounces!''",He throw.,TODO,no,leave,They decided to leave the restaurant.,caveman,15
19,196,68,5,"He then would throw that steak on the table, get another one out of the box, throw it on the scale, and again, exclaim:  ""10 ounces!''","He then would throw that steak on the table, get another one out of the box, throw it on the scale, and again, exclaim:  ""10 ounces!''",TODO,no,leave,The couple ate some and decided to run out on the bill.,original,13
6,23,88,4,"He told her and her husband that he didn't appreciate their rude treatment of his staff, which happened every time they came in.",He tell.,TODO,no,argument,There was an argument between a couple.,event_only,12
8,23,88,4,"He told her and her husband that he didn't appreciate their rude treatment of his staff, which happened every time they came in.","He told her and her husband that he didn't appreciate their rude treatment of his staff, which happened every time they came in.",TODO,no,upset,However the customers were still upset.,original,13
10,23,88,4,"He told her and her husband that he didn't appreciate their rude treatment of his staff, which happened every time they came in.",He tell.,TODO,no,come,He comes back to the table,event_only,16
11,23,88,4,"He told her and her husband that he didn't appreciate their rude treatment of his staff, which happened every time they came in.",He tell.,TODO,no,lie,I lie.,caveman,14
12,23,88,4,"He told her and her husband that he didn't appreciate their rude treatment of his staff, which happened every time they came in.",He tell.,TODO,no,look,Then he looks at what he took out of my hands.,caveman,2
14,23,88,4,"He told her and her husband that he didn't appreciate their rude treatment of his staff, which happened every time they came in.",He tell.,TODO,no,ask,I asked for the specials.,event_only,4
20,23,88,4,"He told her and her husband that he didn't appreciate their rude treatment of his staff, which happened every time they came in.",He tell.,TODO,no,ask,He asked a question about the restaurant.,caveman,1
1,23,88,5,He told them they were no longer welcome.,He tell.,TODO,no,look,The desert at the other table looked appetizing. ,caveman,16
4,23,88,5,He told them they were no longer welcome.,He told them they were no longer welcome.,TODO,no,ask,The customer asked why I couldn't take more money off the bill.,original,3
7,23,88,5,He told them they were no longer welcome.,He tell.,TODO,no,go,I go to the room.,event_only,12
13,23,88,5,He told them they were no longer welcome.,He tell.,TODO,no,think,I thought about it for some time.,caveman,10
16,23,88,5,He told them they were no longer welcome.,He tell.,TODO,no,ask,He ask.,caveman,7
17,23,88,5,He told them they were no longer welcome.,He tell.,TODO,no,upset,I begin to get upset.,caveman,12
19,23,88,5,He told them they were no longer welcome.,He told them they were no longer welcome.,TODO,no,tolerate,I made it clear that I wouldn't tolerate that type of behavior either.,original,4
24,23,88,5,He told them they were no longer welcome.,He told them they were no longer welcome.,TODO,no,disrespectful,The couple were so disrespectful to me.,original,8
6,120,125,1,"He was standing next to me, but I did my best to concentrate on my soda and be polite.",He stand.,TODO,no,go,"A child went with their parent to an auction, talked to his mother about what she wanted and then he placed a bid for her.",event_only,7
7,120,125,1,"He was standing next to me, but I did my best to concentrate on my soda and be polite.",He stand.,TODO,no,converse,The mum conversed with her friend.,event_only,4
10,120,125,1,"He was standing next to me, but I did my best to concentrate on my soda and be polite.",He stand.,TODO,no,make,That was the make or break moment,event_only,6
12,120,125,1,"He was standing next to me, but I did my best to concentrate on my soda and be polite.",He stand to i.,TODO,no,ask,The waiter asks me what I would like to order.,caveman,6
13,120,125,1,"He was standing next to me, but I did my best to concentrate on my soda and be polite.",He stand to i.,TODO,no,say,She said not to worry about it.,caveman,3
14,120,125,1,"He was standing next to me, but I did my best to concentrate on my soda and be polite.",He stand.,TODO,no,look,She looked over the menu.,event_only,10
15,120,125,1,"He was standing next to me, but I did my best to concentrate on my soda and be polite.",He stand to i.,TODO,no,keep,which one should we keep,caveman,6
16,120,125,1,"He was standing next to me, but I did my best to concentrate on my soda and be polite.",He stand to i.,TODO,no,leave,Waiter leaves.,caveman,5
24,120,125,1,"He was standing next to me, but I did my best to concentrate on my soda and be polite.","He was standing next to me, but I did my best to concentrate on my soda and be polite.",TODO,no,seem,It seemed as though he was going to kiss my mum.,original,9
1,86,40,1,I always had to speak up and try to get her attention for a refill.,I have.,no,no,find,"I found a bug in my food, and wanted a free meal. ",caveman,6
3,86,40,1,I always had to speak up and try to get her attention for a refill.,I have.,TODO,no,decide,We decided to order the special.,caveman,4
4,86,40,1,I always had to speak up and try to get her attention for a refill.,I always had to speak up and try to get her attention for a refill.,TODO,no,rude,I thought she was very rude.,original,7
6,86,40,1,I always had to speak up and try to get her attention for a refill.,I have.,TODO,no,offer,The waitress offered them something while they were seated.,event_only,3
10,86,40,1,I always had to speak up and try to get her attention for a refill.,I have.,TODO,no,decide,We decided not to have a dessert,event_only,15
15,86,40,1,I always had to speak up and try to get her attention for a refill.,I have.,TODO,no,offer,what soup did the waitress offer,caveman,11
17,86,40,1,I always had to speak up and try to get her attention for a refill.,I have.,TODO,no,order,I decided to order another.,caveman,14
19,86,40,1,I always had to speak up and try to get her attention for a refill.,I always had to speak up and try to get her attention for a refill.,TODO,no,helpful,The waitress was helpful but seemed to dislike me.,original,5
20,86,40,1,I always had to speak up and try to get her attention for a refill.,I have.,TODO,no,accept,I accepted her offer.,caveman,7
21,86,40,1,I always had to speak up and try to get her attention for a refill.,I always had to speak up and try to get her attention for a refill.,TODO,no,NA,when they were half full,original,1
22,86,40,1,I always had to speak up and try to get her attention for a refill.,I have.,TODO,no,accept,I accept.,caveman,12
23,86,40,1,I always had to speak up and try to get her attention for a refill.,I have.,TODO,no,accept,We accept the offer.,event_only,10
2,23,88,1,"I interrupted her stating, ""I will go get my manager,'' and walked away.",I interrupt.,TODO,no,decide,I decide what to do.,event_only,16
3,23,88,1,"I interrupted her stating, ""I will go get my manager,'' and walked away.",I interrupt.,TODO,no,explain,"He explained it to me, though.",caveman,17
5,23,88,1,"I interrupted her stating, ""I will go get my manager,'' and walked away.",I interrupt.,TODO,no,decide,The group decided to meet around 8pm. ,event_only,10
9,23,88,1,"I interrupted her stating, ""I will go get my manager,'' and walked away.",I interrupt.,TODO,no,explain,He explains.,caveman,8
15,23,88,1,"I interrupted her stating, ""I will go get my manager,'' and walked away.",I interrupt.,TODO,no,go,where should i go.,caveman,12
18,23,88,1,"I interrupted her stating, ""I will go get my manager,'' and walked away.","I interrupted her stating, ""I will go get my manager,'' and walked away.",yes,no,tell,I told the guest that their coupons were not any good here.,original,5
21,23,88,1,"I interrupted her stating, ""I will go get my manager,'' and walked away.","I interrupted her stating, ""I will go get my manager,'' and walked away.",TODO,no,bring,They had brought coupons in that we didn't normally accept.,original,10
22,23,88,1,"I interrupted her stating, ""I will go get my manager,'' and walked away.",I interrupt.,TODO,no,apologize,I apologize.,caveman,4
23,23,88,1,"I interrupted her stating, ""I will go get my manager,'' and walked away.",I interrupt.,TODO,no,apologize,I apologized.,event_only,15
3,153,22,0,"I ordered a fairly simple meal, and it was only when I opened my wallet that I suddenly realised I had forgotten to go to the bank.",I order.,TODO,no,great,Our meal was great.,caveman,8
5,153,22,0,"I ordered a fairly simple meal, and it was only when I opened my wallet that I suddenly realised I had forgotten to go to the bank.",I order.,TODO,no,look forward,We all look forward to getting together. ,event_only,16
8,153,22,0,"I ordered a fairly simple meal, and it was only when I opened my wallet that I suddenly realised I had forgotten to go to the bank.","I ordered a fairly simple meal, and it was only when I opened my wallet that I suddenly realised I had forgotten to go to the bank.",TODO,no,ridiculous,The price of the menu was absolutely ridiculous.,original,7
9,153,22,0,"I ordered a fairly simple meal, and it was only when I opened my wallet that I suddenly realised I had forgotten to go to the bank.",I order.,TODO,no,mystery,It was a mystery.,caveman,14
20,153,22,0,"I ordered a fairly simple meal, and it was only when I opened my wallet that I suddenly realised I had forgotten to go to the bank.",I order.,TODO,yes,order,I ordered a meal.,caveman,6
22,153,22,0,"I ordered a fairly simple meal, and it was only when I opened my wallet that I suddenly realised I had forgotten to go to the bank.",I order.,TODO,no,seem,I see.,caveman,11
23,153,22,0,"I ordered a fairly simple meal, and it was only when I opened my wallet that I suddenly realised I had forgotten to go to the bank.",I order.,TODO,no,work,It worked.,event_only,16
2,50,110,2,I refused but also declined to tip the culprit.,I refuse.,TODO,no,retired,My wife finally retired now she washes lots of dishes.,event_only,2
3,50,110,2,I refused but also declined to tip the culprit.,I refuse.,TODO,no,reheated,It seemed like the food had been reheated.,caveman,15
13,50,110,2,I refused but also declined to tip the culprit.,I refuse.,TODO,no,like,She usually doesn't like a sink of dirty dishes being left.,caveman,15
15,50,110,2,I refused but also declined to tip the culprit.,I refuse.,TODO,no,retire,Why would my wife retire.,caveman,4
16,50,110,2,I refused but also declined to tip the culprit.,I refuse.,TODO,no,ask,I ask.,caveman,12
17,50,110,2,I refused but also declined to tip the culprit.,I refuse.,TODO,no,get,I get home from work late.,caveman,11
1,271,18,2,"I usually tip well, but I gave the waiter 12%, which actually was too much.",I tip.,TODO,no,overcooked,The food was overcooked and not good. ,caveman,14
3,271,18,2,"I usually tip well, but I gave the waiter 12%, which actually was too much.",I tip.,TODO,no,rude,The staff were very rude.,caveman,5
4,271,18,2,"I usually tip well, but I gave the waiter 12%, which actually was too much.","I usually tip well, but I gave the waiter 12%, which actually was too much.",TODO,no,want,He wanted us to leave but we weren't going anywhere.,original,12
6,271,18,2,"I usually tip well, but I gave the waiter 12%, which actually was too much.",I tip.,TODO,no,offer,"They were going to leave, but the waiter offered them an incentive to stay, so they did.",event_only,4
10,271,18,2,"I usually tip well, but I gave the waiter 12%, which actually was too much.",I tip.,TODO,no,make,We made a good choice,event_only,17
22,271,18,2,"I usually tip well, but I gave the waiter 12%, which actually was too much.",I tip.,TODO,no,leave,We leave.,caveman,9
4,177,168,2,I was so embarrassed by the spectacle she made us into that I just wanted to leave.,I was so embarrassed by the spectacle she made us into that I just wanted to leave.,TODO,yes,accuse,"She accused us of being cheap so loudly everyone in the restaurant stared at her, and then us.",original,2
8,177,168,2,I was so embarrassed by the spectacle she made us into that I just wanted to leave.,I was so embarrassed by the spectacle she made us into that I just wanted to leave.,TODO,no,strange,"It may be strange to most people, but we like to keep track of our own food bills.",original,14
11,177,168,2,I was so embarrassed by the spectacle she made us into that I just wanted to leave.,I embarrassed.,TODO,no,mad,She mad.,caveman,17
15,177,168,2,I was so embarrassed by the spectacle she made us into that I just wanted to leave.,I embarrassed.,TODO,no,order,"As for what women order, a lot of them let their husband decide.",caveman,3
17,177,168,2,I was so embarrassed by the spectacle she made us into that I just wanted to leave.,I embarrassed.,TODO,no,mind,The husband did not mind.,caveman,6
20,177,168,2,I was so embarrassed by the spectacle she made us into that I just wanted to leave.,I embarrassed.,TODO,no,laugh,Everyone laughs at him.,caveman,15
21,177,168,2,I was so embarrassed by the spectacle she made us into that I just wanted to leave.,I was so embarrassed by the spectacle she made us into that I just wanted to leave.,TODO,no,think,It's like they thought we were divorced.,original,11
1,50,110,3,"I wonder, however, what we could have done differently to avoid his attitude.",I wonder.,TODO,no,refuse,"My wife refused to cook me anymore meals, stating that she was too busy. ",caveman,12
4,50,110,3,"I wonder, however, what we could have done differently to avoid his attitude.","I wonder, however, what we could have done differently to avoid his attitude.",TODO,no,get,He wasn't getting a penny more from me.,original,11
8,50,110,3,"I wonder, however, what we could have done differently to avoid his attitude.","I wonder, however, what we could have done differently to avoid his attitude.",TODO,no,want,"We just wanted a nice meal, but instead we have a terrible service.",original,1
10,50,110,3,"I wonder, however, what we could have done differently to avoid his attitude.",I wonder.,TODO,no,refuse,I refused to pay the bill!,event_only,5
11,50,110,3,"I wonder, however, what we could have done differently to avoid his attitude.",I wonder.,TODO,no,mad,She mad.,caveman,12
14,50,110,3,"I wonder, however, what we could have done differently to avoid his attitude.",I wonder.,TODO,no,bring,The waiter brought us free dessert anyway.,event_only,8
18,50,110,3,"I wonder, however, what we could have done differently to avoid his attitude.","I wonder, however, what we could have done differently to avoid his attitude.",TODO,no,return,We will not be back.,original,14
19,50,110,3,"I wonder, however, what we could have done differently to avoid his attitude.","I wonder, however, what we could have done differently to avoid his attitude.",TODO,no,offer,He offered to take it back to the kitchen to heat it up,original,9
20,50,110,3,"I wonder, however, what we could have done differently to avoid his attitude.",I wonder.,TODO,no,complain,I complained to the manager,caveman,11
22,50,110,3,"I wonder, however, what we could have done differently to avoid his attitude.",I wonder.,TODO,no,ask,I ask.,caveman,6
3,22,78,1,"If anyone should know better, you'd think it was him, except for his sense of entitlement.",You think.,TODO,no,frustrating,It was very frustrating.,caveman,11
5,22,78,1,"If anyone should know better, you'd think it was him, except for his sense of entitlement.",You think.,TODO,no,order,we order appetizers ,event_only,1
6,22,78,1,"If anyone should know better, you'd think it was him, except for his sense of entitlement.",You think.,TODO,no,explain,"Someone was explaining what human beings, in general, allow others to do to them.",event_only,15
8,22,78,1,"If anyone should know better, you'd think it was him, except for his sense of entitlement.","If anyone should know better, you'd think it was him, except for his sense of entitlement.",TODO,no,end,We ended up with a goodnight.,original,3
10,22,78,1,"If anyone should know better, you'd think it was him, except for his sense of entitlement.",You think.,TODO,no,allow,We allow our server to give us more details about the special of the day,event_only,2
13,22,78,1,"If anyone should know better, you'd think it was him, except for his sense of entitlement.",You think.,TODO,no,leave,We had to leave our dog outside in the car.,caveman,5
14,22,78,1,"If anyone should know better, you'd think it was him, except for his sense of entitlement.",You think.,TODO,no,ask,They asked if we would switch tables. ,event_only,5
15,22,78,1,"If anyone should know better, you'd think it was him, except for his sense of entitlement.",You think.,TODO,no,allow,What rules do we not allow?,caveman,17
19,22,78,1,"If anyone should know better, you'd think it was him, except for his sense of entitlement.","If anyone should know better, you'd think it was him, except for his sense of entitlement.",TODO,no,enjoy,We enjoyed the night just fine.,original,7
21,22,78,1,"If anyone should know better, you'd think it was him, except for his sense of entitlement.","If anyone should know better, you'd think it was him, except for his sense of entitlement.",TODO,no,make up,We made up for the evening later on.,original,12
22,22,78,1,"If anyone should know better, you'd think it was him, except for his sense of entitlement.",You think.,TODO,no,leave,We leave.,caveman,7
2,22,48,1,"In reality this ""judge'' was trying to hide his martini on the floor.",Judge try.,TODO,no,manager,I am now the manager at work/,event_only,5
4,22,48,1,"In reality this ""judge'' was trying to hide his martini on the floor.","In reality this ""judge'' was trying to hide his martini on the floor.",TODO,no,suspect,I strongly suspected the customer was a drunk.,original,13
7,22,48,1,"In reality this ""judge'' was trying to hide his martini on the floor.",Judge try.,TODO,no,manager,I am the manager.,event_only,7
9,22,48,1,"In reality this ""judge'' was trying to hide his martini on the floor.",Judge try in reality.,TODO,no,run,I run this place.,caveman,4
11,22,48,1,"In reality this ""judge'' was trying to hide his martini on the floor.",Judge try in reality.,TODO,no,work,I work.,caveman,13
16,22,48,1,"In reality this ""judge'' was trying to hide his martini on the floor.",Judge try in reality.,TODO,no,employees,They are employees.,caveman,13
18,22,48,1,"In reality this ""judge'' was trying to hide his martini on the floor.","In reality this ""judge'' was trying to hide his martini on the floor.",TODO,no,unruly,"The patron was unruly, but looked too drunk to do anything about it.",original,7
24,22,48,1,"In reality this ""judge'' was trying to hide his martini on the floor.","In reality this ""judge'' was trying to hide his martini on the floor.",TODO,no,complain,The man loudly complained and then proceeded to knock a glass off the bar.,original,15
4,171,29,0,It happened on a bank holiday and I was not at work that day.,It happened on a bank holiday and I was not at work that day.,TODO,no,full,"It was a Friday, so the restaurant was full.",original,4
5,171,29,0,It happened on a bank holiday and I was not at work that day.,It happen.,TODO,no,bring,The waitress brough a pitcher out from the bar. ,event_only,17
7,171,29,0,It happened on a bank holiday and I was not at work that day.,It happen.,TODO,no,pour,It poured rain.,event_only,1
8,171,29,0,It happened on a bank holiday and I was not at work that day.,It happened on a bank holiday and I was not at work that day.,TODO,no,walk,I was walking outside and noticed a restaurant.,original,11
12,171,29,0,It happened on a bank holiday and I was not at work that day.,It happen on holiday.,TODO,no,walk,As I walked out side the rain began to pour like mad.,caveman,7
18,171,29,0,It happened on a bank holiday and I was not at work that day.,It happened on a bank holiday and I was not at work that day.,TODO,no,small,The next location was extremely small.,original,17
22,171,29,0,It happened on a bank holiday and I was not at work that day.,It happen on holiday.,TODO,no,enter,We arrive.,caveman,16
24,171,29,0,It happened on a bank holiday and I was not at work that day.,It happened on a bank holiday and I was not at work that day.,TODO,no,enjoy,"I couldn't enjoy my meal, because of two screaming babies in the restaurant.",original,3
1,153,22,1,It was a good thing that they didn't prepare my meal before giving me the price!,It thing.,no,no,come,The waiter came to the table at last. ,caveman,10
2,153,22,1,It was a good thing that they didn't prepare my meal before giving me the price!,It thing.,TODO,no,eat,I eat and it is good.,event_only,17
4,153,22,1,It was a good thing that they didn't prepare my meal before giving me the price!,It was a good thing that they didn't prepare my meal before giving me the price!,TODO,no,embarrassed,I was so embarrassed.,original,8
6,153,22,1,It was a good thing that they didn't prepare my meal before giving me the price!,It thing.,TODO,no,order,Someone was placing an order at a restaurant.,event_only,16
7,153,22,1,It was a good thing that they didn't prepare my meal before giving me the price!,It thing.,TODO,no,order,I order a sandwich.,event_only,17
10,153,22,1,It was a good thing that they didn't prepare my meal before giving me the price!,It thing.,TODO,no,wait,I could not wait to taste that delicious burrito,event_only,11
11,153,22,1,It was a good thing that they didn't prepare my meal before giving me the price!,It thing.,TODO,no,eat,I eat.,caveman,3
12,153,22,1,It was a good thing that they didn't prepare my meal before giving me the price!,It thing.,TODO,no,order,"I was in the drive-thru at Mcdonalds, I placed my order.",caveman,8
13,153,22,1,It was a good thing that they didn't prepare my meal before giving me the price!,It thing.,TODO,no,relax,We relaxed and took our time when the meal arrived.,caveman,14
14,153,22,1,It was a good thing that they didn't prepare my meal before giving me the price!,It thing.,TODO,no,look,I looked over the menu.,event_only,14
15,153,22,1,It was a good thing that they didn't prepare my meal before giving me the price!,It thing.,TODO,no,order,Why do you care about what I order,caveman,1
16,153,22,1,It was a good thing that they didn't prepare my meal before giving me the price!,It thing.,TODO,no,eat,I eat.,caveman,4
17,153,22,1,It was a good thing that they didn't prepare my meal before giving me the price!,It thing.,TODO,no,order,I am ready to order.,caveman,2
18,153,22,1,It was a good thing that they didn't prepare my meal before giving me the price!,It was a good thing that they didn't prepare my meal before giving me the price!,TODO,no,embarrassed,I have never been so embarrassed.,original,15
19,153,22,1,It was a good thing that they didn't prepare my meal before giving me the price!,It was a good thing that they didn't prepare my meal before giving me the price!,TODO,no,have,I had no money to pay. ,original,10
21,153,22,1,It was a good thing that they didn't prepare my meal before giving me the price!,It was a good thing that they didn't prepare my meal before giving me the price!,TODO,no,have,I had no idea how I was going to pay for the food.,original,16
24,153,22,1,It was a good thing that they didn't prepare my meal before giving me the price!,It was a good thing that they didn't prepare my meal before giving me the price!,TODO,no,tell,The waitress told me there was an ATM next door if I needed to get cash.,original,14
1,171,29,1,It was also pouring with rain outside and the restaurant was very busy with only about two tables free.,It pour with rain.,TODO,no,happen,It happened on a weekend. ,caveman,17
3,171,29,1,It was also pouring with rain outside and the restaurant was very busy with only about two tables free.,It pour with rain.,TODO,no,have,"We still had a good time, though.",caveman,6
6,171,29,1,It was also pouring with rain outside and the restaurant was very busy with only about two tables free.,It pour.,TODO,no,anticipate,"Something they were anticipating, but weren't positive would happen, did.",event_only,6
10,171,29,1,It was also pouring with rain outside and the restaurant was very busy with only about two tables free.,It pour.,TODO,no,happen,It happened that that particular Mondays that Chinese restaurant was c losed,event_only,4
13,171,29,1,It was also pouring with rain outside and the restaurant was very busy with only about two tables free.,It pour with rain.,TODO,no,know,You never know what to expect this time of year.,caveman,13
15,171,29,1,It was also pouring with rain outside and the restaurant was very busy with only about two tables free.,It pour with rain.,TODO,no,holiday,When did it happen on holiday,caveman,7
16,171,29,1,It was also pouring with rain outside and the restaurant was very busy with only about two tables free.,It pour with rain.,TODO,no,end,Holiday end.,caveman,8
23,171,29,1,It was also pouring with rain outside and the restaurant was very busy with only about two tables free.,It pour.,TODO,no,surprised,We were surprised.,event_only,12
3,25,10,0,It was off to a bad start as soon as I walked in the door.,It be.,TODO,no,strong,The air conditioning was too strong.,caveman,1
5,25,10,0,It was off to a bad start as soon as I walked in the door.,It be.,TODO,no,stay,Putting our best judgement aside we decided to stay ,event_only,4
6,25,10,0,It was off to a bad start as soon as I walked in the door.,It be.,TODO,no,commute,The person had to commute outdoors in very cold weather.,event_only,9
11,25,10,0,It was off to a bad start as soon as I walked in the door.,It be.,TODO,no,cold,It cold.,caveman,15
14,25,10,0,It was off to a bad start as soon as I walked in the door.,It be.,TODO,no,have,The restaurant had the AC turned up high.,event_only,15
18,25,10,0,It was off to a bad start as soon as I walked in the door.,It was off to a bad start as soon as I walked in the door.,TODO,no,sucks,"The weather in Michigan winters sucks, especially in this old house.",original,1
20,25,10,0,It was off to a bad start as soon as I walked in the door.,It be.,TODO,no,serve,The dessert was served.,caveman,4
21,25,10,0,It was off to a bad start as soon as I walked in the door.,It was off to a bad start as soon as I walked in the door.,TODO,no,cold,It's so cold out now and the door is drafty.,original,6
2,171,58,0,It's freezing this time of year so I didn't want to sit near the door.,It freezing.,TODO,no,point,When the waiter brought our food he pointed something out to me.,event_only,3
2,25,10,1,It's freezing this time of year so I didn't want to sit near the door.,It freezing.,TODO,no,be,So it will be.,event_only,9
4,25,10,1,It's freezing this time of year so I didn't want to sit near the door.,It's freezing this time of year so I didn't want to sit near the door.,TODO,no,busy,The restaurant was busy and we had to wait to be seated.,original,6
8,25,10,1,It's freezing this time of year so I didn't want to sit near the door.,It's freezing this time of year so I didn't want to sit near the door.,TODO,no,tell,I can tell by the emptiness of the restaurant that it wouldn't be good.,original,8
9,171,58,0,It's freezing this time of year so I didn't want to sit near the door.,It freezing.,TODO,no,go,I went to a restaurant.,caveman,17
10,25,10,1,It's freezing this time of year so I didn't want to sit near the door.,It freezing.,TODO,no,be,And indeed it was so.,event_only,8
11,171,58,0,It's freezing this time of year so I didn't want to sit near the door.,It freezing.,TODO,no,come,I come.,caveman,1
12,25,10,1,It's freezing this time of year so I didn't want to sit near the door.,It freezing.,TODO,no,great,It was a great experience.,caveman,14
14,171,58,0,It's freezing this time of year so I didn't want to sit near the door.,It freezing.,TODO,no,get,We quickly got a table. ,event_only,16
16,25,10,1,It's freezing this time of year so I didn't want to sit near the door.,It freezing.,TODO,no,end,It end.,caveman,11
17,171,58,0,It's freezing this time of year so I didn't want to sit near the door.,It freezing.,TODO,no,get,I find a table to enjoy my meal.,caveman,7
17,25,10,1,It's freezing this time of year so I didn't want to sit near the door.,It freezing.,TODO,no,order,I decide to order it as well.,caveman,17
19,171,58,0,It's freezing this time of year so I didn't want to sit near the door.,It's freezing this time of year so I didn't want to sit near the door.,TODO,no,go,I went to a restaurant and they told me to wait for an open table. ,original,16
19,25,10,1,It's freezing this time of year so I didn't want to sit near the door.,It's freezing this time of year so I didn't want to sit near the door.,TODO,no,horrible,My day was horrible.,original,17
20,171,58,0,It's freezing this time of year so I didn't want to sit near the door.,It freezing.,TODO,no,arrive,I arrived at the restaurant.,caveman,10
21,171,58,0,It's freezing this time of year so I didn't want to sit near the door.,It's freezing this time of year so I didn't want to sit near the door.,TODO,no,tell,They told me that the booth was reserved and so I couldn't have it.,original,15
24,25,10,1,It's freezing this time of year so I didn't want to sit near the door.,It's freezing this time of year so I didn't want to sit near the door.,TODO,no,notice,I noticed a server on staff that day was the same one who'd been rude to me before.,original,16
8,271,18,1,"Just to spite him, we remained at our table for nearly 3 hours.","Just to spite him, we remained at our table for nearly 3 hours.",no,no,worst,This was the worse experience I ever had a restaurant.,original,17
11,271,18,1,"Just to spite him, we remained at our table for nearly 3 hours.",We remain for hour to spite.,TODO,no,pay,I pay.,caveman,5
13,271,18,1,"Just to spite him, we remained at our table for nearly 3 hours.",We remain for hour to spite.,TODO,no,lovely,The entire experience was lovely.,caveman,11
16,271,18,1,"Just to spite him, we remained at our table for nearly 3 hours.",We remain for hour to spite.,TODO,no,sign,I sign.,caveman,15
23,271,18,1,"Just to spite him, we remained at our table for nearly 3 hours.",We remain.,TODO,no,thank,We thank him.,event_only,8
1,177,168,0,My husband and I decided to just order a couple of sodas and desserts as we had a big breakfast earlier in the day and we explained to the waitress that our two orders would be on a separate ticket which seemed to confuse her.,Husband decide.,no,no,forget,"I forgot my wallet at home, and could not pay for my food. ",caveman,4
3,177,168,0,My husband and I decided to just order a couple of sodas and desserts as we had a big breakfast earlier in the day and we explained to the waitress that our two orders would be on a separate ticket which seemed to confuse her.,Husband decide.,TODO,no,spill,The waiter spilled my drink on me.,caveman,7
6,177,168,0,My husband and I decided to just order a couple of sodas and desserts as we had a big breakfast earlier in the day and we explained to the waitress that our two orders would be on a separate ticket which seemed to confuse her.,Husband decide.,TODO,no,embarrassing,Someone did something embarrassing in public.,event_only,13
10,177,168,0,My husband and I decided to just order a couple of sodas and desserts as we had a big breakfast earlier in the day and we explained to the waitress that our two orders would be on a separate ticket which seemed to confuse her.,Husband decide.,TODO,no,drop,My pants somehow dropped,event_only,7
12,177,168,0,My husband and I decided to just order a couple of sodas and desserts as we had a big breakfast earlier in the day and we explained to the waitress that our two orders would be on a separate ticket which seemed to confuse her.,Husband decide.,TODO,no,walk,When I walked into the cafeteria I dropped my plate.,caveman,4
14,177,168,0,My husband and I decided to just order a couple of sodas and desserts as we had a big breakfast earlier in the day and we explained to the waitress that our two orders would be on a separate ticket which seemed to confuse her.,Husband decide.,TODO,no,drop,I dropped the plate.,event_only,2
16,177,168,0,My husband and I decided to just order a couple of sodas and desserts as we had a big breakfast earlier in the day and we explained to the waitress that our two orders would be on a separate ticket which seemed to confuse her.,Husband decide.,TODO,no,trip,I trip.,caveman,16
18,177,168,0,My husband and I decided to just order a couple of sodas and desserts as we had a big breakfast earlier in the day and we explained to the waitress that our two orders would be on a separate ticket which seemed to confuse her.,My husband and I decided to just order a couple of sodas and desserts as we had a big breakfast earlier in the day and we explained to the waitress that our two orders would be on a separate ticket which seemed to confuse her.,TODO,no,upset,My wife came completely unglued and threatened to sue the restaurant.,original,6
22,177,168,0,My husband and I decided to just order a couple of sodas and desserts as we had a big breakfast earlier in the day and we explained to the waitress that our two orders would be on a separate ticket which seemed to confuse her.,Husband decide.,TODO,no,drop,I drop.,caveman,10
24,177,168,0,My husband and I decided to just order a couple of sodas and desserts as we had a big breakfast earlier in the day and we explained to the waitress that our two orders would be on a separate ticket which seemed to confuse her.,My husband and I decided to just order a couple of sodas and desserts as we had a big breakfast earlier in the day and we explained to the waitress that our two orders would be on a separate ticket which seemed to confuse her.,TODO,no,knock,My friend knocked over a dessert cart at a restaurant.,original,1
2,33,76,0,"Of course, she breaks the teabag inside.",She break.,TODO,no,ask,I asked what she wanted.,event_only,12
3,33,76,0,"Of course, she breaks the teabag inside.",She break.,TODO,no,options,There were a lot of options to choose from.,caveman,16
6,33,76,0,"Of course, she breaks the teabag inside.",She break.,TODO,no,decide,She decided to break up with someone.,event_only,11
7,33,76,0,"Of course, she breaks the teabag inside.",She break.,TODO,no,decide,She decide who wins.,event_only,8
8,33,76,0,"Of course, she breaks the teabag inside.","Of course, she breaks the teabag inside.",TODO,no,talk,She has been talking on the phone all night.,original,4
9,33,76,0,"Of course, she breaks the teabag inside.",She break.,TODO,no,know,She doesn't know what to do.,caveman,13
10,33,76,0,"Of course, she breaks the teabag inside.",She break.,TODO,no,decide,"Where to go for dinner?As usual,",event_only,1
12,33,76,0,"Of course, she breaks the teabag inside.",She break.,TODO,no,decide,She had just to make her decision on the menu but was getting close.,caveman,13
13,33,76,0,"Of course, she breaks the teabag inside.",She break.,TODO,no,discuss,We discussed it at length. ,caveman,6
14,33,76,0,"Of course, she breaks the teabag inside.",She break.,TODO,no,read,The waiter read us the specials.,event_only,11
17,33,76,0,"Of course, she breaks the teabag inside.",She break.,TODO,no,decide,She was finally able to decide.,caveman,1
19,33,76,0,"Of course, she breaks the teabag inside.","Of course, she breaks the teabag inside.",TODO,no,pain,Martha has been being a complete pain all night.,original,3
20,33,76,0,"Of course, she breaks the teabag inside.",She break.,TODO,no,argue,We argued about what we would get.,caveman,17
21,33,76,0,"Of course, she breaks the teabag inside.","Of course, she breaks the teabag inside.",TODO,no,look,I looked at the rude woman on her cellphone as she held up the rest of the line.,original,14
22,33,76,0,"Of course, she breaks the teabag inside.",She break.,TODO,no,ask,He asks.,caveman,15
24,33,76,0,"Of course, she breaks the teabag inside.","Of course, she breaks the teabag inside.",TODO,no,keep,"The woman kept changing her order, and had been talking on her phone for five minutes.",original,12
3,191,11,4,Our son was now behaving the way you would expect an 18-month-old to behave after sitting in a high chair for nearly an hour watching other people eat.,Son behave.,TODO,no,fault,"It wasn't the restaurant's fault, though.",caveman,3
5,191,11,4,Our son was now behaving the way you would expect an 18-month-old to behave after sitting in a high chair for nearly an hour watching other people eat.,Son behave.,TODO,no,get,Please get the manager ,event_only,5
7,191,11,4,Our son was now behaving the way you would expect an 18-month-old to behave after sitting in a high chair for nearly an hour watching other people eat.,Son behave.,TODO,no,blame,We blame the criminals.,event_only,5
15,191,11,4,Our son was now behaving the way you would expect an 18-month-old to behave after sitting in a high chair for nearly an hour watching other people eat.,Son behave.,TODO,no,NA,what would we be,caveman,9
17,191,11,4,Our son was now behaving the way you would expect an 18-month-old to behave after sitting in a high chair for nearly an hour watching other people eat.,Son behave.,TODO,no,make,The son accidentally makes a mess.,caveman,10
18,191,11,4,Our son was now behaving the way you would expect an 18-month-old to behave after sitting in a high chair for nearly an hour watching other people eat.,Our son was now behaving the way you would expect an 18-month-old to behave after sitting in a high chair for nearly an hour watching other people eat.,TODO,yes,crash,He eventually wore out and crashed.,original,3
22,191,11,4,Our son was now behaving the way you would expect an 18-month-old to behave after sitting in a high chair for nearly an hour watching other people eat.,Son behave.,TODO,no,mistake,He make mistake.,caveman,5
23,191,11,4,Our son was now behaving the way you would expect an 18-month-old to behave after sitting in a high chair for nearly an hour watching other people eat.,Son behave.,TODO,no,apologize,We apologized for the problem.,event_only,2
24,191,11,4,Our son was now behaving the way you would expect an 18-month-old to behave after sitting in a high chair for nearly an hour watching other people eat.,Our son was now behaving the way you would expect an 18-month-old to behave after sitting in a high chair for nearly an hour watching other people eat.,TODO,no,scream,"My kid started to scream loudly, because he was tired.",original,17
5,50,110,1,The dish was not hot and barely palatable  I believe he deliberately left it sitting before he brought it out as there were not enough other customers for the kitchen to be backed up.,Dish hot.,TODO,no,decide,She decided to think it over before signing. ,event_only,NA
6,50,110,1,The dish was not hot and barely palatable  I believe he deliberately left it sitting before he brought it out as there were not enough other customers for the kitchen to be backed up.,,no,no,retired,"The person's wife retired, but he refused to and wondered why his wife chose to.",event_only,NA
7,50,110,1,The dish was not hot and barely palatable  I believe he deliberately left it sitting before he brought it out as there were not enough other customers for the kitchen to be backed up.,Dish hot.,TODO,no,wonder,I wonder who will win.,event_only,NA
9,50,110,1,The dish was not hot and barely palatable  I believe he deliberately left it sitting before he brought it out as there were not enough other customers for the kitchen to be backed up.,Dish not hot.,TODO,no,want,She wants us to buy an RV.,caveman,NA
21,50,110,1,The dish was not hot and barely palatable  I believe he deliberately left it sitting before he brought it out as there were not enough other customers for the kitchen to be backed up.,The dish was not hot and barely palatable  I believe he deliberately left it sitting before he brought it out as there were not enough other customers for the kitchen to be backed up.,TODO,no,fixed income,We are on a fixed income.,original,8
23,50,110,1,The dish was not hot and barely palatable  I believe he deliberately left it sitting before he brought it out as there were not enough other customers for the kitchen to be backed up.,Dish hot.,TODO,no,work,I still need to work.,event_only,NA
24,50,110,1,The dish was not hot and barely palatable  I believe he deliberately left it sitting before he brought it out as there were not enough other customers for the kitchen to be backed up.,The dish was not hot and barely palatable  I believe he deliberately left it sitting before he brought it out as there were not enough other customers for the kitchen to be backed up.,TODO,yes,rude,Our server was extremely rude to us at the restaurant.,original,13
3,120,41,0,"The food was good, the service was good, we had a fun time.",Food good.,TODO,no,arrive,We arrived early.,caveman,12
4,243,41,0,"The food was good, the service was good, we had a fun time.","The food was good, the service was good, we had a fun time.",TODO,no,go,We went to our regular restaurant on Friday night.,original,16
8,243,41,0,"The food was good, the service was good, we had a fun time.","The food was good, the service was good, we had a fun time.",TODO,no,come,The waiter came and seated us.,original,2
8,120,41,0,"The food was good, the service was good, we had a fun time.","The food was good, the service was good, we had a fun time.",TODO,no,go,My family has gotten me to go to a restaurant.,original,12
9,243,41,0,"The food was good, the service was good, we had a fun time.",Food good.,TODO,no,decide,We decided which restaurant to go to.,caveman,5
9,120,41,0,"The food was good, the service was good, we had a fun time.",Food good.,TODO,no,decide,We picked a restaurant.,caveman,12
11,120,41,0,"The food was good, the service was good, we had a fun time.",Food good.,TODO,no,hungry,We hungry.,caveman,11
15,243,41,0,"The food was good, the service was good, we had a fun time.",Food good.,TODO,no,ask,what did she ask,caveman,15
16,243,41,0,"The food was good, the service was good, we had a fun time.",Food good.,TODO,no,arrive,We enter.,caveman,17
18,120,41,0,"The food was good, the service was good, we had a fun time.","The food was good, the service was good, we had a fun time.",TODO,no,converse,We ended up carrying on quite a conversation with the waitress.,original,11
19,120,41,0,"The food was good, the service was good, we had a fun time.","The food was good, the service was good, we had a fun time.",TODO,yes,enjoy,I was happy to be out at lunch.,original,11
20,243,41,0,"The food was good, the service was good, we had a fun time.",Food good.,TODO,no,arrive,We arrived at the restaurant.,caveman,13
20,120,41,0,"The food was good, the service was good, we had a fun time.",Food good.,TODO,no,greet,We were greeted by the hostess,caveman,14
21,243,41,0,"The food was good, the service was good, we had a fun time.","The food was good, the service was good, we had a fun time.",TODO,no,friendly,"We're friendly, but I'm shy.",original,7
21,120,41,0,"The food was good, the service was good, we had a fun time.","The food was good, the service was good, we had a fun time.",TODO,no,decide,We decided to try the new restaurant with good reviews.,original,17
22,120,41,0,"The food was good, the service was good, we had a fun time.",Food good.,TODO,no,decide,We decide.,caveman,2
23,243,41,0,"The food was good, the service was good, we had a fun time.",Food good.,TODO,no,reserve,We made reservations.,event_only,11
9,196,68,6,"The manager shouted after them that they had not paid their bill, and the man shouted back something that I can't repeat on a family site.",Manager shout after they.,TODO,yes,leave,He leaves without paying.,caveman,7
10,196,68,6,"The manager shouted after them that they had not paid their bill, and the man shouted back something that I can't repeat on a family site.",Manager shout.,TODO,no,satisfied,He was not at all satisfied,event_only,13
11,196,68,6,"The manager shouted after them that they had not paid their bill, and the man shouted back something that I can't repeat on a family site.",Manager shout after they.,TODO,yes,leave,He leave.,caveman,8
12,196,68,6,"The manager shouted after them that they had not paid their bill, and the man shouted back something that I can't repeat on a family site.",Manager shout after they.,TODO,yes,throw,After he threw the ticket he stormed out of the place.,caveman,10
13,196,68,6,"The manager shouted after them that they had not paid their bill, and the man shouted back something that I can't repeat on a family site.",Manager shout after they.,TODO,no,think,I thought to myself that it was a waste of food.,caveman,8
16,196,68,6,"The manager shouted after them that they had not paid their bill, and the man shouted back something that I can't repeat on a family site.",Manager shout after they.,TODO,yes,leave,He leave.,caveman,9
18,196,68,6,"The manager shouted after them that they had not paid their bill, and the man shouted back something that I can't repeat on a family site.","The manager shouted after them that they had not paid their bill, and the man shouted back something that I can't repeat on a family site.",yes,no,upset,"After the third steak, the man was getting visibly agitated, and appeared to become violent.",original,4
21,196,68,6,"The manager shouted after them that they had not paid their bill, and the man shouted back something that I can't repeat on a family site.","The manager shouted after them that they had not paid their bill, and the man shouted back something that I can't repeat on a family site.",TODO,no,think,The man next to us thought they weren't giving him the full size of steak he ordered.,original,4
22,196,68,6,"The manager shouted after them that they had not paid their bill, and the man shouted back something that I can't repeat on a family site.",Manager shout after they.,TODO,yes,leave,Man leave.,caveman,1
23,196,68,6,"The manager shouted after them that they had not paid their bill, and the man shouted back something that I can't repeat on a family site.",Manager shout.,TODO,yes,leave,The couple walked out of the restaurant.,event_only,1
5,151,102,5,The salads with the dinners were delivered before the appetizer we ordered.,Salad deliver.,TODO,no,ask,He asked if we would like to order anything else ,event_only,9
6,151,102,5,The salads with the dinners were delivered before the appetizer we ordered.,Salad deliver.,TODO,no,have,"They had a negative experience at a restaurant, which they informed the manager of.",event_only,2
7,151,102,5,The salads with the dinners were delivered before the appetizer we ordered.,Salad deliver.,TODO,no,order,We order two Cokes.,event_only,13
14,151,102,5,The salads with the dinners were delivered before the appetizer we ordered.,Salad deliver.,TODO,no,ask,Our waited asked how our food tasted.,event_only,7
17,151,102,5,The salads with the dinners were delivered before the appetizer we ordered.,Salad deliver before appetizer.,TODO,no,ask,The waiter asks if we need anything else.,caveman,5
22,151,102,5,The salads with the dinners were delivered before the appetizer we ordered.,Salad deliver before appetizer.,TODO,no,ask,Waiter ask.,caveman,14
1,63,84,1,"The server started arguing with my wife, ""I made sure the cook knew it had to be rare... the cook was going to leave it on longer but I made him take it off... etc.'' After a minute or so of listening to them argue about whether the burger was well done or rare, I just picked the burger patty up with both hands, they both stopped and looked at me, and I broke the burger patty in half with an audible snap.",Server start.,no,yes,come,The waiter came to the table. ,caveman,1
3,63,84,1,"The server started arguing with my wife, ""I made sure the cook knew it had to be rare... the cook was going to leave it on longer but I made him take it off... etc.'' After a minute or so of listening to them argue about whether the burger was well done or rare, I just picked the burger patty up with both hands, they both stopped and looked at me, and I broke the burger patty in half with an audible snap.",Server start.,TODO,no,fast,The service was very fast.,caveman,13
6,63,84,1,"The server started arguing with my wife, ""I made sure the cook knew it had to be rare... the cook was going to leave it on longer but I made him take it off... etc.'' After a minute or so of listening to them argue about whether the burger was well done or rare, I just picked the burger patty up with both hands, they both stopped and looked at me, and I broke the burger patty in half with an audible snap.",Server start.,TODO,no,impatient,Someone was impatient and wanted to the time to pass quickly.,event_only,14
8,63,84,1,"The server started arguing with my wife, ""I made sure the cook knew it had to be rare... the cook was going to leave it on longer but I made him take it off... etc.'' After a minute or so of listening to them argue about whether the burger was well done or rare, I just picked the burger patty up with both hands, they both stopped and looked at me, and I broke the burger patty in half with an audible snap.","The server started arguing with my wife, ""I made sure the cook knew it had to be rare... the cook was going to leave it on longer but I made him take it off... etc.'' After a minute or so of listening to them argue about whether the burger was well done or rare, I just picked the burger patty up with both hands, they both stopped and looked at me, and I broke the burger patty in half with an audible snap.",TODO,no,eat,I have been sitting there eating my food silently.,original,6
10,63,84,1,"The server started arguing with my wife, ""I made sure the cook knew it had to be rare... the cook was going to leave it on longer but I made him take it off... etc.'' After a minute or so of listening to them argue about whether the burger was well done or rare, I just picked the burger patty up with both hands, they both stopped and looked at me, and I broke the burger patty in half with an audible snap.",Server start.,TODO,no,arrive,the moment we had been waiting for finally arrived,event_only,9
13,63,84,1,"The server started arguing with my wife, ""I made sure the cook knew it had to be rare... the cook was going to leave it on longer but I made him take it off... etc.'' After a minute or so of listening to them argue about whether the burger was well done or rare, I just picked the burger patty up with both hands, they both stopped and looked at me, and I broke the burger patty in half with an audible snap.",Server start.,TODO,yes,stop,I stopped the watch just in time.,caveman,16
15,63,84,1,"The server started arguing with my wife, ""I made sure the cook knew it had to be rare... the cook was going to leave it on longer but I made him take it off... etc.'' After a minute or so of listening to them argue about whether the burger was well done or rare, I just picked the burger patty up with both hands, they both stopped and looked at me, and I broke the burger patty in half with an audible snap.",Server start.,TODO,no,seem,You'll be able to see in seconds come,caveman,2
17,63,84,1,"The server started arguing with my wife, ""I made sure the cook knew it had to be rare... the cook was going to leave it on longer but I made him take it off... etc.'' After a minute or so of listening to them argue about whether the burger was well done or rare, I just picked the burger patty up with both hands, they both stopped and looked at me, and I broke the burger patty in half with an audible snap.",Server start.,TODO,no,eat,I can definitely still eat more.,caveman,4
18,63,84,1,"The server started arguing with my wife, ""I made sure the cook knew it had to be rare... the cook was going to leave it on longer but I made him take it off... etc.'' After a minute or so of listening to them argue about whether the burger was well done or rare, I just picked the burger patty up with both hands, they both stopped and looked at me, and I broke the burger patty in half with an audible snap.","The server started arguing with my wife, ""I made sure the cook knew it had to be rare... the cook was going to leave it on longer but I made him take it off... etc.'' After a minute or so of listening to them argue about whether the burger was well done or rare, I just picked the burger patty up with both hands, they both stopped and looked at me, and I broke the burger patty in half with an audible snap.",TODO,no,tell,We told him it was great.,original,13
19,63,84,1,"The server started arguing with my wife, ""I made sure the cook knew it had to be rare... the cook was going to leave it on longer but I made him take it off... etc.'' After a minute or so of listening to them argue about whether the burger was well done or rare, I just picked the burger patty up with both hands, they both stopped and looked at me, and I broke the burger patty in half with an audible snap.","The server started arguing with my wife, ""I made sure the cook knew it had to be rare... the cook was going to leave it on longer but I made him take it off... etc.'' After a minute or so of listening to them argue about whether the burger was well done or rare, I just picked the burger patty up with both hands, they both stopped and looked at me, and I broke the burger patty in half with an audible snap.",TODO,no,bring,A server had just brought out food.,original,1
20,63,84,1,"The server started arguing with my wife, ""I made sure the cook knew it had to be rare... the cook was going to leave it on longer but I made him take it off... etc.'' After a minute or so of listening to them argue about whether the burger was well done or rare, I just picked the burger patty up with both hands, they both stopped and looked at me, and I broke the burger patty in half with an audible snap.",Server start.,TODO,no,enjoy,The food was great.,caveman,3
21,63,84,1,"The server started arguing with my wife, ""I made sure the cook knew it had to be rare... the cook was going to leave it on longer but I made him take it off... etc.'' After a minute or so of listening to them argue about whether the burger was well done or rare, I just picked the burger patty up with both hands, they both stopped and looked at me, and I broke the burger patty in half with an audible snap.","The server started arguing with my wife, ""I made sure the cook knew it had to be rare... the cook was going to leave it on longer but I made him take it off... etc.'' After a minute or so of listening to them argue about whether the burger was well done or rare, I just picked the burger patty up with both hands, they both stopped and looked at me, and I broke the burger patty in half with an audible snap.",TODO,no,ask,She came back and asked us about the meal.,original,2
23,63,84,1,"The server started arguing with my wife, ""I made sure the cook knew it had to be rare... the cook was going to leave it on longer but I made him take it off... etc.'' After a minute or so of listening to them argue about whether the burger was well done or rare, I just picked the burger patty up with both hands, they both stopped and looked at me, and I broke the burger patty in half with an audible snap.",Server start.,TODO,no,eat,We then worked on eating the food.,event_only,3
2,271,18,0,"The waiter said nothing the rest of the evening about us having to leave early, but he was clearly peeved.",Waiter say.,TODO,no,go,We went to the restaurant.,event_only,6
5,271,18,0,"The waiter said nothing the rest of the evening about us having to leave early, but he was clearly peeved.",Waiter say.,TODO,no,leave,A few of our guests had to leave early.,event_only,14
7,271,18,0,"The waiter said nothing the rest of the evening about us having to leave early, but he was clearly peeved.",Waiter say.,TODO,no,remain,We remained in the restaurant to leave a tip.,event_only,2
9,271,18,0,"The waiter said nothing the rest of the evening about us having to leave early, but he was clearly peeved.",Waiter say.,TODO,no,go,We went to a restaurant with free WiFi.,caveman,6
12,271,18,0,"The waiter said nothing the rest of the evening about us having to leave early, but he was clearly peeved.",Waiter say.,TODO,no,talk,We started another conversation while we ate.,caveman,16
14,271,18,0,"The waiter said nothing the rest of the evening about us having to leave early, but he was clearly peeved.",Waiter say.,TODO,no,finish,We finished our meal and waited for the bill.,event_only,6
15,271,18,0,"The waiter said nothing the rest of the evening about us having to leave early, but he was clearly peeved.",Waiter say.,TODO,no,tip,How much should i tip,caveman,13
17,271,18,0,"The waiter said nothing the rest of the evening about us having to leave early, but he was clearly peeved.",Waiter say.,TODO,yes,have,We had rude service.,caveman,9
18,271,18,0,"The waiter said nothing the rest of the evening about us having to leave early, but he was clearly peeved.","The waiter said nothing the rest of the evening about us having to leave early, but he was clearly peeved.",TODO,yes,rude,The annoying waiter was a real douche.,original,12
19,271,18,0,"The waiter said nothing the rest of the evening about us having to leave early, but he was clearly peeved.","The waiter said nothing the rest of the evening about us having to leave early, but he was clearly peeved.",TODO,yes,rude,Our waiter was totally awful. ,original,2
20,271,18,0,"The waiter said nothing the rest of the evening about us having to leave early, but he was clearly peeved.",Waiter say.,TODO,yes,horrible,The service was horrible,caveman,9
21,271,18,0,"The waiter said nothing the rest of the evening about us having to leave early, but he was clearly peeved.","The waiter said nothing the rest of the evening about us having to leave early, but he was clearly peeved.",TODO,no,stay,We stayed at the table longer than normal and I tipped more than I should have.,original,5
24,271,18,0,"The waiter said nothing the rest of the evening about us having to leave early, but he was clearly peeved.","The waiter said nothing the rest of the evening about us having to leave early, but he was clearly peeved.",TODO,no,rush,Our waiter kept trying to rush us to finish our meals.,original,2
2,86,40,0,"The waitress offered to refill my mother and brother's glasses, but she never asked if I needed one.",Waitress offer.,TODO,no,want,I wanted to get ice cream.,event_only,14
5,86,40,0,"The waitress offered to refill my mother and brother's glasses, but she never asked if I needed one.",Waitress offer.,TODO,no,happy,None of us are happy with the service we have received ,event_only,6
7,86,40,0,"The waitress offered to refill my mother and brother's glasses, but she never asked if I needed one.",Waitress offer.,TODO,no,have,I have money.,event_only,9
8,86,40,0,"The waitress offered to refill my mother and brother's glasses, but she never asked if I needed one.","The waitress offered to refill my mother and brother's glasses, but she never asked if I needed one.",TODO,no,wait,I kept waiting but it took awhile to get the waiter's attention.,original,5
9,86,40,0,"The waitress offered to refill my mother and brother's glasses, but she never asked if I needed one.",Waitress offer.,TODO,no,acceptance,Did you get an acceptance letter yet?,caveman,2
11,86,40,0,"The waitress offered to refill my mother and brother's glasses, but she never asked if I needed one.",Waitress offer.,TODO,no,like,I like.,caveman,9
12,86,40,0,"The waitress offered to refill my mother and brother's glasses, but she never asked if I needed one.",Waitress offer.,TODO,no,feel,"I have never felt so lively, today was a wonderful day.",caveman,3
13,86,40,0,"The waitress offered to refill my mother and brother's glasses, but she never asked if I needed one.",Waitress offer.,TODO,no,have,Do have any batteries left?,caveman,12
14,86,40,0,"The waitress offered to refill my mother and brother's glasses, but she never asked if I needed one.",Waitress offer.,TODO,no,ask,Our waiter asked if we'd been here before.,event_only,12
16,86,40,0,"The waitress offered to refill my mother and brother's glasses, but she never asked if I needed one.",Waitress offer.,TODO,no,give,He gives.,caveman,3
18,86,40,0,"The waitress offered to refill my mother and brother's glasses, but she never asked if I needed one.","The waitress offered to refill my mother and brother's glasses, but she never asked if I needed one.",TODO,no,hear,The waitress either can't hear or doesn't pay attention.,original,10
24,86,40,0,"The waitress offered to refill my mother and brother's glasses, but she never asked if I needed one.","The waitress offered to refill my mother and brother's glasses, but she never asked if I needed one.",TODO,yes,attentive,My waitress wasn't very attentive.,original,6
9,151,102,7,We started on our way out of the restaurant.,We start on way.,TODO,no,ask,I asked to speak to a manager.,caveman,3
11,151,102,7,We started on our way out of the restaurant.,We start on way.,TODO,no,salad,Salad back.,caveman,6
15,151,102,7,We started on our way out of the restaurant.,We start on way.,TODO,no,reply,How should i reply,caveman,16
18,151,102,7,We started on our way out of the restaurant.,We started on our way out of the restaurant.,TODO,yes,leave,We got up and began to walk out of the restaurant.,original,16
19,151,102,7,We started on our way out of the restaurant.,We started on our way out of the restaurant.,TODO,yes,leave,We began leaving the restaurant.,original,6
20,151,102,7,We started on our way out of the restaurant.,We start on way.,TODO,no,ask,I asked for the manager.,caveman,5
24,151,102,7,We started on our way out of the restaurant.,We started on our way out of the restaurant.,TODO,yes,leave,We got up and headed for the door.,original,4
8,191,133,0,"We waited some more, but only until we could snag our waiter, who was now quite a bit busier, since nearly an hour had passed and many more people had come in.","We waited some more, but only until we could snag our waiter, who was now quite a bit busier, since nearly an hour had passed and many more people had come in.",yes,yes,wait,We were all sitting there impatiently and upset that our food has not arrived.,original,16
9,191,133,0,"We waited some more, but only until we could snag our waiter, who was now quite a bit busier, since nearly an hour had passed and many more people had come in.",We wait.,TODO,no,want,We wanted to win.,caveman,10
10,191,133,0,"We waited some more, but only until we could snag our waiter, who was now quite a bit busier, since nearly an hour had passed and many more people had come in.",We wait.,TODO,no,seem,Things did not seem clear.,event_only,10
19,191,133,0,"We waited some more, but only until we could snag our waiter, who was now quite a bit busier, since nearly an hour had passed and many more people had come in.","We waited some more, but only until we could snag our waiter, who was now quite a bit busier, since nearly an hour had passed and many more people had come in.",TODO,yes,wait,We'd been waiting for food for nearly forty minutes,original,14
21,191,133,0,"We waited some more, but only until we could snag our waiter, who was now quite a bit busier, since nearly an hour had passed and many more people had come in.","We waited some more, but only until we could snag our waiter, who was now quite a bit busier, since nearly an hour had passed and many more people had come in.",TODO,no,think,It was hard to believe that they already had their food.,original,13
1,191,11,3,"We were out of things for him to do other than sing ""Old MacDonald'' to him, which probably wouldn't have gone over too well with the other patrons.",We be.,no,no,throw,The boy threw his fork across the dining room. ,caveman,3
2,191,11,3,"We were out of things for him to do other than sing ""Old MacDonald'' to him, which probably wouldn't have gone over too well with the other patrons.",We be.,TODO,no,give,We gave our son a gift for behaving.,event_only,4
4,191,11,3,"We were out of things for him to do other than sing ""Old MacDonald'' to him, which probably wouldn't have gone over too well with the other patrons.","We were out of things for him to do other than sing ""Old MacDonald'' to him, which probably wouldn't have gone over too well with the other patrons.",TODO,yes,want,We didn't want him to disturb other diners.,original,15
6,191,11,3,"We were out of things for him to do other than sing ""Old MacDonald'' to him, which probably wouldn't have gone over too well with the other patrons.",We be.,TODO,no,ask,"He asked his son a question, his son answered with a joke and then the parent told the son to behave, and realized that they blamed the son, even though he was kidding.",event_only,1
11,191,11,3,"We were out of things for him to do other than sing ""Old MacDonald'' to him, which probably wouldn't have gone over too well with the other patrons.",We be.,TODO,no,bad,Son bad.,caveman,4
12,191,11,3,"We were out of things for him to do other than sing ""Old MacDonald'' to him, which probably wouldn't have gone over too well with the other patrons.",We be.,TODO,no,tell,I told my son not to do that again.,caveman,17
14,191,11,3,"We were out of things for him to do other than sing ""Old MacDonald'' to him, which probably wouldn't have gone over too well with the other patrons.",We be.,TODO,no,tell,I told my son to sit down or else we'd leave.,event_only,3
16,191,11,3,"We were out of things for him to do other than sing ""Old MacDonald'' to him, which probably wouldn't have gone over too well with the other patrons.",We be.,TODO,no,misbehave,Son misbehave.,caveman,1
20,191,11,3,"We were out of things for him to do other than sing ""Old MacDonald'' to him, which probably wouldn't have gone over too well with the other patrons.",We be.,TODO,no,misbehave,My son began to throw a tantrum,caveman,12
1,120,41,2,"We'd been seated at a booth, but I sat on a regular chair on the outside of the table -- yes, my crazy bubble rules apply to even family members --.",We seat.,TODO,no,undercooked,"My steak was slightly undercooked, which I told her when she came back to check in on us. ",caveman,13
2,120,41,2,"We'd been seated at a booth, but I sat on a regular chair on the outside of the table -- yes, my crazy bubble rules apply to even family members --.",We seat.,TODO,no,finish,We finish eating.,event_only,11
4,120,41,2,"We'd been seated at a booth, but I sat on a regular chair on the outside of the table -- yes, my crazy bubble rules apply to even family members --.","We'd been seated at a booth, but I sat on a regular chair on the outside of the table -- yes, my crazy bubble rules apply to even family members --.",TODO,no,like,We don't like to cause a fuss.,original,5
5,120,41,2,"We'd been seated at a booth, but I sat on a regular chair on the outside of the table -- yes, my crazy bubble rules apply to even family members --.",We seat.,TODO,no,suggest,A few of has that had been there before made suggestions. ,event_only,15
17,120,41,2,"We'd been seated at a booth, but I sat on a regular chair on the outside of the table -- yes, my crazy bubble rules apply to even family members --.",We seat.,TODO,no,ask,I need to ask for another item.,caveman,3
23,120,41,2,"We'd been seated at a booth, but I sat on a regular chair on the outside of the table -- yes, my crazy bubble rules apply to even family members --.",We seat.,TODO,yes,sit,We sat down.,event_only,13
2,243,41,1,"We're amicable people, and enjoy small-talk with waiters... well, my mum and sister do, I'm hard of hearing so I'm generally quiet.",We people.,TODO,no,ask,We ask for a table. ,event_only,13
5,243,41,1,"We're amicable people, and enjoy small-talk with waiters... well, my mum and sister do, I'm hard of hearing so I'm generally quiet.",We people.,TODO,no,escorted,We were escorted back to the booth we requested. ,event_only,7
10,243,41,1,"We're amicable people, and enjoy small-talk with waiters... well, my mum and sister do, I'm hard of hearing so I'm generally quiet.",We people.,TODO,no,hungry,We were very hungry,event_only,14
11,243,41,1,"We're amicable people, and enjoy small-talk with waiters... well, my mum and sister do, I'm hard of hearing so I'm generally quiet.",We people.,TODO,no,eat,We eat.,caveman,16
12,243,41,1,"We're amicable people, and enjoy small-talk with waiters... well, my mum and sister do, I'm hard of hearing so I'm generally quiet.",We people.,TODO,no,talk,We talk while we walk towards the table.,caveman,11
13,243,41,1,"We're amicable people, and enjoy small-talk with waiters... well, my mum and sister do, I'm hard of hearing so I'm generally quiet.",We people.,TODO,no,warm,The atmosphere was warm and welcoming.,caveman,9
14,243,41,1,"We're amicable people, and enjoy small-talk with waiters... well, my mum and sister do, I'm hard of hearing so I'm generally quiet.",We people.,TODO,no,ask,We asked for a table for two.,event_only,9
18,243,41,1,"We're amicable people, and enjoy small-talk with waiters... well, my mum and sister do, I'm hard of hearing so I'm generally quiet.","We're amicable people, and enjoy small-talk with waiters... well, my mum and sister do, I'm hard of hearing so I'm generally quiet.",TODO,no,enjoy,We love this restaurant.,original,9
22,243,41,1,"We're amicable people, and enjoy small-talk with waiters... well, my mum and sister do, I'm hard of hearing so I'm generally quiet.",We people.,TODO,no,arrive,We enter.,caveman,8
24,243,41,1,"We're amicable people, and enjoy small-talk with waiters... well, my mum and sister do, I'm hard of hearing so I'm generally quiet.","We're amicable people, and enjoy small-talk with waiters... well, my mum and sister do, I'm hard of hearing so I'm generally quiet.",TODO,no,seem,The restaurant seemed loud with all the people talking.,original,10
4,248,86,1,"When it came time to pay she brings our ticket and explains that she rang us up for the pecan pie I had ordered as it was less expensive and what I wanted in the first place, but we noticed that she charged us for our friend's Taco Salad.","When it came time to pay she brings our ticket and explains that she rang us up for the pecan pie I had ordered as it was less expensive and what I wanted in the first place, but we noticed that she charged us for our friend's Taco Salad.",TODO,no,offer,She offered us apple pie instead.,original,14
5,248,86,1,"When it came time to pay she brings our ticket and explains that she rang us up for the pecan pie I had ordered as it was less expensive and what I wanted in the first place, but we noticed that she charged us for our friend's Taco Salad.",I order.,TODO,no,feel,We all felt that we had ordered enough food for the whole group,event_only,12
9,248,86,1,"When it came time to pay she brings our ticket and explains that she rang us up for the pecan pie I had ordered as it was less expensive and what I wanted in the first place, but we noticed that she charged us for our friend's Taco Salad.",I order.,TODO,no,busy,The restaurant is very busy.,caveman,15
10,248,86,1,"When it came time to pay she brings our ticket and explains that she rang us up for the pecan pie I had ordered as it was less expensive and what I wanted in the first place, but we noticed that she charged us for our friend's Taco Salad.",I order.,TODO,no,wrong,Something went terribly wrong,event_only,3
11,248,86,1,"When it came time to pay she brings our ticket and explains that she rang us up for the pecan pie I had ordered as it was less expensive and what I wanted in the first place, but we noticed that she charged us for our friend's Taco Salad.",I order.,TODO,no,order,They order.,caveman,7
13,248,86,1,"When it came time to pay she brings our ticket and explains that she rang us up for the pecan pie I had ordered as it was less expensive and what I wanted in the first place, but we noticed that she charged us for our friend's Taco Salad.",I order.,TODO,no,hurry,We were in a hurry.,caveman,7
16,248,86,1,"When it came time to pay she brings our ticket and explains that she rang us up for the pecan pie I had ordered as it was less expensive and what I wanted in the first place, but we noticed that she charged us for our friend's Taco Salad.",I order.,TODO,no,wait,I wait.,caveman,6
19,248,86,1,"When it came time to pay she brings our ticket and explains that she rang us up for the pecan pie I had ordered as it was less expensive and what I wanted in the first place, but we noticed that she charged us for our friend's Taco Salad.","When it came time to pay she brings our ticket and explains that she rang us up for the pecan pie I had ordered as it was less expensive and what I wanted in the first place, but we noticed that she charged us for our friend's Taco Salad.",TODO,no,offer,They offered to make me a fresh new pie. ,original,15
23,248,86,1,"When it came time to pay she brings our ticket and explains that she rang us up for the pecan pie I had ordered as it was less expensive and what I wanted in the first place, but we noticed that she charged us for our friend's Taco Salad.",I order.,TODO,no,order,Other people order their food.,event_only,9
