vpmatch,root.predicate,chain,workerid,gloss,trialnum,response,vp,clozeIndex,synset,document,original,condition,entitymatch
no,talk,110,12,Dish not hot.,NA,My wife is talking to me about retiring from work.,talk,1,talk,50, I believe he deliberately left it sitting before he brought it out as there were not enough other customers for the kitchen to be backed up.,caveman,TODO
no,come,20,2,Couple run.,10,My friend came over.,come,1,come,177,"A couple of months ago my husband and I were out running errands and decide to meet up with some friends at a local ""Mom & Pop'' restaurant.",event_only,TODO
no,one,20,5,Couple run.,11,We were the first ones to show up ,first,1,one,177,"A couple of months ago my husband and I were out running errands and decide to meet up with some friends at a local ""Mom & Pop'' restaurant.",event_only,TODO
no,go,20,7,Couple run.,16,Mother go to bed.,go,1,travel,177,"A couple of months ago my husband and I were out running errands and decide to meet up with some friends at a local ""Mom & Pop'' restaurant.",event_only,TODO
yes,go,20,9,Couple run.,9,They go to a restaurant.,go,1,travel,177,"A couple of months ago my husband and I were out running errands and decide to meet up with some friends at a local ""Mom & Pop'' restaurant.",caveman,TODO
no,dream,20,13,Couple run.,2,It would be a dream come true despite the details to work out.,dream,1,dream,177,"A couple of months ago my husband and I were out running errands and decide to meet up with some friends at a local ""Mom & Pop'' restaurant.",caveman,TODO
yes,spot,20,19,"A couple of months ago my husband and I were out running errands and decide to meet up with some friends at a local ""Mom & Pop'' restaurant.",8,We spotted a couple of friends there.,seem,1,descry,177,"A couple of months ago my husband and I were out running errands and decide to meet up with some friends at a local ""Mom & Pop'' restaurant.",original,TODO
yes,order,20,23,Couple run.,17,Sister orders.,order,1,order,177,"A couple of months ago my husband and I were out running errands and decide to meet up with some friends at a local ""Mom & Pop'' restaurant.",event_only,TODO
NA,blur,84,2,Seconds come.,1,All I can see is blurred words and 'server start' written over them?,NA,0,film_over,63,A few seconds later the server came to check on us and asked how our food was.,event_only,TODO
no,complain,84,4,A few seconds later the server came to check on us and asked how our food was.,10,My wife complained that her steak was overdone.,complain,0,complain,63,A few seconds later the server came to check on us and asked how our food was.,original,TODO
no,go,84,5,Seconds come.,3,Despite that we went ahead with our order ,order,0,travel,63,A few seconds later the server came to check on us and asked how our food was.,event_only,TODO
no,start,84,7,Seconds come.,10,Server start soon.,start,0,start,63,A few seconds later the server came to check on us and asked how our food was.,event_only,yes
no,turn,84,9,Seconds come.,1,The web server was turned on.,web,0,turn,63,A few seconds later the server came to check on us and asked how our food was.,caveman,TODO
no,come,84,11,Seconds come.,10,Food come.,come,0,come,63,A few seconds later the server came to check on us and asked how our food was.,caveman,TODO
no,stop,84,12,Seconds come.,12,We stop talking at the waiter approaches the table.,talk,0,stop,63,A few seconds later the server came to check on us and asked how our food was.,caveman,TODO
no,sit,84,14,Seconds come.,13,We sat down.,sit,0,sit,63,A few seconds later the server came to check on us and asked how our food was.,event_only,TODO
no,walk,84,16,Seconds come.,2,Walk up to server.,walk,0,walk,63,A few seconds later the server came to check on us and asked how our food was.,caveman,TODO
no,sit,84,22,Seconds come.,13,I sit.,sit,0,sit,63,A few seconds later the server came to check on us and asked how our food was.,caveman,TODO
no,tell,84,24,A few seconds later the server came to check on us and asked how our food was.,7,My wife told the server that her steak was overcooked.,tell,0,state,63,A few seconds later the server came to check on us and asked how our food was.,original,TODO
no,find,21,1,Waitress come.,2,How often do people find bugs in their food?,find,0,find,243,"After perusing our menus, the waitress came over to take our order.",caveman,no
no,know,21,3,Waitress come.,9,We didn't know what some of the dishes were.,know,0,know,243,"After perusing our menus, the waitress came over to take our order.",caveman,TODO
no,make,21,6,Waitress come.,17,Someone made a special request at a restaurant that the waitress had to check up on.,ask,0,make,243,"After perusing our menus, the waitress came over to take our order.",event_only,TODO
no,look,21,7,Waitress come.,6,Waitress looked at him.,look,0,look,243,"After perusing our menus, the waitress came over to take our order.",event_only,yes
no,decide,21,17,Waitress come.,8,I am deciding on what to eat.,decide,0,decide,243,"After perusing our menus, the waitress came over to take our order.",caveman,TODO
yes,ask,21,19,"After perusing our menus, the waitress came over to take our order.",12,The waitress asked for my order.,ask,0,ask,243,"After perusing our menus, the waitress came over to take our order.",original,TODO
no,wait,86,1,I order.,11,We waited forever to be seated. ,wait,0,wait,248,After we ordered the waitress came back and apologized saying they were out of the pecan pie I had ordered.,caveman,TODO
no,sit,86,2,I order.,15,We sit down.,sit,0,sit,248,After we ordered the waitress came back and apologized saying they were out of the pecan pie I had ordered.,event_only,TODO
no,take,86,3,I order.,10,It took a long time for us to be seated.,wait,0,take,248,After we ordered the waitress came back and apologized saying they were out of the pecan pie I had ordered.,caveman,TODO
no,place,86,6,I order.,5,They placed an order and had to wait for what they felt was an unreasonable amount of time.,order,0,put,248,After we ordered the waitress came back and apologized saying they were out of the pecan pie I had ordered.,event_only,TODO
no,order,86,7,I order.,14,I order a pizza.,order,0,order,248,After we ordered the waitress came back and apologized saying they were out of the pecan pie I had ordered.,event_only,TODO
no,wave,86,8,After we ordered the waitress came back and apologized saying they were out of the pecan pie I had ordered.,15,I was waving to the waitress that we needed our bill.,wave,0,beckon,248,After we ordered the waitress came back and apologized saying they were out of the pecan pie I had ordered.,original,TODO
no,sit,86,12,I order.,9,I sat down at the table in the restaurant.,sit,0,sit,248,After we ordered the waitress came back and apologized saying they were out of the pecan pie I had ordered.,caveman,TODO
no,make,86,14,I order.,17,We made a reservation and got a table quickly.,reserve,0,make,248,After we ordered the waitress came back and apologized saying they were out of the pecan pie I had ordered.,event_only,TODO
no,order,86,15,I order.,10,What soup should I order,order,0,order,248,After we ordered the waitress came back and apologized saying they were out of the pecan pie I had ordered.,caveman,TODO
no,arrive,86,17,I order.,16,We all arrive on time for our meal.,arrive,0,arrive,248,After we ordered the waitress came back and apologized saying they were out of the pecan pie I had ordered.,caveman,TODO
no,bad,86,18,After we ordered the waitress came back and apologized saying they were out of the pecan pie I had ordered.,8,"We did not know what the bill would look like, since the rest of the experience was so bad.",know,0,bad,248,After we ordered the waitress came back and apologized saying they were out of the pecan pie I had ordered.,original,TODO
no,call,86,20,I order.,2,I called the restaurant,call,0,name,248,After we ordered the waitress came back and apologized saying they were out of the pecan pie I had ordered.,caveman,TODO
no,make,86,21,After we ordered the waitress came back and apologized saying they were out of the pecan pie I had ordered.,9,The waitress made several mistakes on our order.,mistake,0,make,248,After we ordered the waitress came back and apologized saying they were out of the pecan pie I had ordered.,original,TODO
no,sit,86,22,I order.,3,Group sit.,sit,0,sit,248,After we ordered the waitress came back and apologized saying they were out of the pecan pie I had ordered.,caveman,TODO
no,go,86,24,After we ordered the waitress came back and apologized saying they were out of the pecan pie I had ordered.,11,I'm never going to this restaurant again.,go,0,travel,248,After we ordered the waitress came back and apologized saying they were out of the pecan pie I had ordered.,original,TODO
no,delicious,78,1,We not allow.,7,The food at this place is delicious. ,delicious,0,delightful,22,"As I said, we did not allow it to tarnish our evening.",caveman,no
no,think,78,12,We not allow.,1,"You think you was correct, but really you had it all wrong.",wrong,0,think,22,"As I said, we did not allow it to tarnish our evening.",caveman,TODO
no,think,78,17,We not allow.,13,I think the meal was good.,think,0,think,22,"As I said, we did not allow it to tarnish our evening.",caveman,TODO
no,suggest,78,20,We not allow.,8,The waiter suggested an option.,suggest,0,propose,22,"As I said, we did not allow it to tarnish our evening.",caveman,TODO
no,stand,78,23,We allow.,6,We stood around.,stand,0,stand,22,"As I said, we did not allow it to tarnish our evening.",event_only,TODO
no,need,47,1,He mention.,8,I needed a refill. ,need,1,necessitate,25,At that point he also mentioned that the boss likes to sit at the booth I asked to sit in and that's why I couldn't sit there.,caveman,no
no,come,47,7,He mention.,3,Waiter come quick.,come,1,come,25,At that point he also mentioned that the boss likes to sit at the booth I asked to sit in and that's why I couldn't sit there.,event_only,TODO
no,eat,47,9,He mention.,11,They ate their meal.,eat,1,eat,25,At that point he also mentioned that the boss likes to sit at the booth I asked to sit in and that's why I couldn't sit there.,caveman,TODO
no,order,47,13,He mention.,17,We both ordered the same thing.,order,1,order,25,At that point he also mentioned that the boss likes to sit at the booth I asked to sit in and that's why I couldn't sit there.,caveman,TODO
no,come,47,15,He mention.,14,when will the waiter come,come,1,come,25,At that point he also mentioned that the boss likes to sit at the booth I asked to sit in and that's why I couldn't sit there.,caveman,TODO
no,ask,47,22,He mention.,17,He ask.,ask,1,ask,25,At that point he also mentioned that the boss likes to sit at the booth I asked to sit in and that's why I couldn't sit there.,caveman,TODO
no,take,47,23,He mention.,4,He took our order.,take,1,take,25,At that point he also mentioned that the boss likes to sit at the booth I asked to sit in and that's why I couldn't sit there.,event_only,TODO
no,empty,62,1,I stick.,9,The salad bar was completely empty. ,empty,0,empty,151,At this point I'm just sticking around to watch the show.,caveman,no
no,need,62,2,I stick.,8,I needed to sneeze.,need,0,necessitate,151,At this point I'm just sticking around to watch the show.,event_only,TODO
no,look,62,3,I stick.,14,Something didn't look right on the plate.,look,0,look,151,At this point I'm just sticking around to watch the show.,caveman,TODO
no,order,62,4,At this point I'm just sticking around to watch the show.,17,"I ordered a salad, and noticed there was something wrong.",order,0,order,151,At this point I'm just sticking around to watch the show.,original,TODO
no,look,62,8,At this point I'm just sticking around to watch the show.,9,I looked on the table and I noticed a tissue.,notice,0,look,151,At this point I'm just sticking around to watch the show.,original,TODO
no,happen,62,10,I stick.,12,What happened next was really funny.,funny,0,happen,151,At this point I'm just sticking around to watch the show.,event_only,TODO
no,look,62,12,I stick.,15,I looked down at my salad and noticed something.,notice,0,look,151,At this point I'm just sticking around to watch the show.,caveman,TODO
no,leave,62,13,I stick.,4,We left at the same time.,leave,0,leave,151,At this point I'm just sticking around to watch the show.,caveman,TODO
no,grab,62,16,I stick.,10,I grab.,grab,0,catch,151,At this point I'm just sticking around to watch the show.,caveman,TODO
no,find,62,21,At this point I'm just sticking around to watch the show.,3,I found a snot rag in my salad.,find,0,find,151,At this point I'm just sticking around to watch the show.,original,TODO
no,push,62,23,I stick.,14,I pushed.,push,0,push,151,At this point I'm just sticking around to watch the show.,event_only,TODO
no,crash,76,1,She decide.,15,The dishes crashed to the floor. ,crash,1,crash,33,"At this point, she finally decides to get off the phone and gets huffy with the waitress about the ""defective teabag'' and how she needs to place her order ""right now because she's in a hurry.''",caveman,TODO
no,leave,76,4,"At this point, she finally decides to get off the phone and gets huffy with the waitress about the ""defective teabag'' and how she needs to place her order ""right now because she's in a hurry.''",9,Loose tea leaves poured out everywhere.,pour,1,leave,33,"At this point, she finally decides to get off the phone and gets huffy with the waitress about the ""defective teabag'' and how she needs to place her order ""right now because she's in a hurry.''",original,TODO
no,interested,76,5,She decide.,8,We were interested in hearing about the specials. ,interested,1,interested,33,"At this point, she finally decides to get off the phone and gets huffy with the waitress about the ""defective teabag'' and how she needs to place her order ""right now because she's in a hurry.''",event_only,TODO
no,break,76,11,She decide.,2,I break.,break,1,interrupt,33,"At this point, she finally decides to get off the phone and gets huffy with the waitress about the ""defective teabag'' and how she needs to place her order ""right now because she's in a hurry.''",caveman,TODO
no,break,76,15,She decide.,8,what bone did she break,break,1,interrupt,33,"At this point, she finally decides to get off the phone and gets huffy with the waitress about the ""defective teabag'' and how she needs to place her order ""right now because she's in a hurry.''",caveman,TODO
no,buy,76,16,She decide.,14,She buy.,buy,1,buy,33,"At this point, she finally decides to get off the phone and gets huffy with the waitress about the ""defective teabag'' and how she needs to place her order ""right now because she's in a hurry.''",caveman,TODO
no,strong,76,18,"At this point, she finally decides to get off the phone and gets huffy with the waitress about the ""defective teabag'' and how she needs to place her order ""right now because she's in a hurry.''",2,Now my tea is so strong I can't drink it.,strong,1,strong,33,"At this point, she finally decides to get off the phone and gets huffy with the waitress about the ""defective teabag'' and how she needs to place her order ""right now because she's in a hurry.''",original,TODO
no,apologize,76,23,She decide.,5,We apologized many times.,apologize,1,apologize,33,"At this point, she finally decides to get off the phone and gets huffy with the waitress about the ""defective teabag'' and how she needs to place her order ""right now because she's in a hurry.''",event_only,TODO
no,refuse,68,1,He put on table.,5,"The couple refused to pay for their meals, and made quite the scene. ",refuse,3,refuse,196,"He put the box and the scale down on their table, and proceeded to pull raw steaks out of the box.",caveman,no
no,storm,68,4,"He put the box and the scale down on their table, and proceeded to pull raw steaks out of the box.",1,"When the man didn't believe him, the manager stormed into the kitchen and produced a book from the fridge.",storm,3,ramp,196,"He put the box and the scale down on their table, and proceeded to pull raw steaks out of the box.",original,TODO
no,throw,68,6,He put.,8,"Someone threw something, which made the manager yell, and then the manager to explain what happened and assure a couple to stay.",throw,3,throw,196,"He put the box and the scale down on their table, and proceeded to pull raw steaks out of the box.",event_only,TODO
no,ask,68,8,"He put the box and the scale down on their table, and proceeded to pull raw steaks out of the box.",10,"The man asked the manager, how do they know for sure they were 10 oz.",ask,3,ask,196,"He put the box and the scale down on their table, and proceeded to pull raw steaks out of the box.",original,TODO
no,ask,68,20,He put on table.,16,The man asks for the time.,ask,3,ask,196,"He put the box and the scale down on their table, and proceeded to pull raw steaks out of the box.",caveman,TODO
no,get,68,24,"He put the box and the scale down on their table, and proceeded to pull raw steaks out of the box.",5,"The man got up, scoffed at the manager and walked towards the door.",leave,3,get,196,"He put the box and the scale down on their table, and proceeded to pull raw steaks out of the box.",original,TODO
no,give,68,2,He throw.,7,I did not give in/,give in,5,give,196,"He then would throw that steak on the table, get another one out of the box, throw it on the scale, and again, exclaim:  ""10 ounces!''",event_only,TODO
no,leave,68,3,He throw.,2,The people left without paying.,leave,5,leave,196,"He then would throw that steak on the table, get another one out of the box, throw it on the scale, and again, exclaim:  ""10 ounces!''",caveman,TODO
no,be,68,5,He throw.,2,The point was that we wanted it made our way ,want,5,be,196,"He then would throw that steak on the table, get another one out of the box, throw it on the scale, and again, exclaim:  ""10 ounces!''",event_only,TODO
no,put,68,7,He throw.,11,He put the headphones on.,put,5,put,196,"He then would throw that steak on the table, get another one out of the box, throw it on the scale, and again, exclaim:  ""10 ounces!''",event_only,TODO
no,ask,68,14,He throw.,1,We asked for our meal to be comped.,ask,5,ask,196,"He then would throw that steak on the table, get another one out of the box, throw it on the scale, and again, exclaim:  ""10 ounces!''",event_only,TODO
no,be,68,15,He throw.,5,WHo could this couple be.,NA,5,be,196,"He then would throw that steak on the table, get another one out of the box, throw it on the scale, and again, exclaim:  ""10 ounces!''",caveman,TODO
no,decide,68,17,He throw.,15,They decided to leave the restaurant.,leave,5,decide,196,"He then would throw that steak on the table, get another one out of the box, throw it on the scale, and again, exclaim:  ""10 ounces!''",caveman,TODO
no,eat,68,19,"He then would throw that steak on the table, get another one out of the box, throw it on the scale, and again, exclaim:  ""10 ounces!''",13,The couple ate some and decided to run out on the bill.,leave,5,eat,196,"He then would throw that steak on the table, get another one out of the box, throw it on the scale, and again, exclaim:  ""10 ounces!''",original,TODO
no,be,88,6,He tell.,12,There was an argument between a couple.,argument,4,be,23,"He told her and her husband that he didn't appreciate their rude treatment of his staff, which happened every time they came in.",event_only,TODO
no,upset,88,8,"He told her and her husband that he didn't appreciate their rude treatment of his staff, which happened every time they came in.",13,However the customers were still upset.,upset,4,upset,23,"He told her and her husband that he didn't appreciate their rude treatment of his staff, which happened every time they came in.",original,TODO
no,come,88,10,He tell.,16,He comes back to the table,come,4,come,23,"He told her and her husband that he didn't appreciate their rude treatment of his staff, which happened every time they came in.",event_only,TODO
no,lie,88,11,He tell.,14,I lie.,lie,4,lie,23,"He told her and her husband that he didn't appreciate their rude treatment of his staff, which happened every time they came in.",caveman,TODO
no,look,88,12,He tell.,2,Then he looks at what he took out of my hands.,look,4,look,23,"He told her and her husband that he didn't appreciate their rude treatment of his staff, which happened every time they came in.",caveman,TODO
no,ask,88,14,He tell.,4,I asked for the specials.,ask,4,ask,23,"He told her and her husband that he didn't appreciate their rude treatment of his staff, which happened every time they came in.",event_only,TODO
no,ask,88,20,He tell.,1,He asked a question about the restaurant.,ask,4,ask,23,"He told her and her husband that he didn't appreciate their rude treatment of his staff, which happened every time they came in.",caveman,TODO
no,look,88,1,He tell.,16,The desert at the other table looked appetizing. ,look,5,look,23,He told them they were no longer welcome.,caveman,TODO
no,ask,88,4,He told them they were no longer welcome.,3,The customer asked why I couldn't take more money off the bill.,ask,5,ask,23,He told them they were no longer welcome.,original,TODO
no,go,88,7,He tell.,12,I go to the room.,go,5,travel,23,He told them they were no longer welcome.,event_only,TODO
no,think,88,13,He tell.,10,I thought about it for some time.,think,5,think,23,He told them they were no longer welcome.,caveman,TODO
no,ask,88,16,He tell.,7,He ask.,ask,5,ask,23,He told them they were no longer welcome.,caveman,TODO
no,begin,88,17,He tell.,12,I begin to get upset.,upset,5,get_down,23,He told them they were no longer welcome.,caveman,TODO
no,make,88,19,He told them they were no longer welcome.,4,I made it clear that I wouldn't tolerate that type of behavior either.,tolerate,5,make,23,He told them they were no longer welcome.,original,TODO
no,disrespectful,88,24,He told them they were no longer welcome.,8,The couple were so disrespectful to me.,disrespectful,5,disrespectful,23,He told them they were no longer welcome.,original,TODO
no,go,125,6,He stand.,7,"A child went with their parent to an auction, talked to his mother about what she wanted and then he placed a bid for her.",go,1,travel,120,"He was standing next to me, but I did my best to concentrate on my soda and be polite.",event_only,TODO
no,mum,125,7,He stand.,4,The mum conversed with her friend.,converse,1,mum,120,"He was standing next to me, but I did my best to concentrate on my soda and be polite.",event_only,TODO
no,make,125,10,He stand.,6,That was the make or break moment,make,1,brand,120,"He was standing next to me, but I did my best to concentrate on my soda and be polite.",event_only,TODO
no,ask,125,12,He stand to i.,6,The waiter asks me what I would like to order.,ask,1,ask,120,"He was standing next to me, but I did my best to concentrate on my soda and be polite.",caveman,TODO
no,say,125,13,He stand to i.,3,She said not to worry about it.,say,1,state,120,"He was standing next to me, but I did my best to concentrate on my soda and be polite.",caveman,TODO
no,look,125,14,He stand.,10,She looked over the menu.,look,1,look,120,"He was standing next to me, but I did my best to concentrate on my soda and be polite.",event_only,TODO
no,keep,125,15,He stand to i.,6,which one should we keep,keep,1,keep,120,"He was standing next to me, but I did my best to concentrate on my soda and be polite.",caveman,TODO
no,leave,125,16,He stand to i.,5,Waiter leaves.,leave,1,leave,120,"He was standing next to me, but I did my best to concentrate on my soda and be polite.",caveman,TODO
no,seem,125,24,"He was standing next to me, but I did my best to concentrate on my soda and be polite.",9,It seemed as though he was going to kiss my mum.,seem,1,look,120,"He was standing next to me, but I did my best to concentrate on my soda and be polite.",original,TODO
no,find,40,1,I have.,6,"I found a bug in my food, and wanted a free meal. ",find,1,find,86,I always had to speak up and try to get her attention for a refill.,caveman,no
no,decide,40,3,I have.,4,We decided to order the special.,decide,1,decide,86,I always had to speak up and try to get her attention for a refill.,caveman,TODO
no,think,40,4,I always had to speak up and try to get her attention for a refill.,7,I thought she was very rude.,rude,1,think,86,I always had to speak up and try to get her attention for a refill.,original,TODO
no,offer,40,6,I have.,3,The waitress offered them something while they were seated.,offer,1,offer,86,I always had to speak up and try to get her attention for a refill.,event_only,TODO
no,decide,40,10,I have.,15,We decided not to have a dessert,decide,1,decide,86,I always had to speak up and try to get her attention for a refill.,event_only,TODO
no,soup,40,15,I have.,11,what soup did the waitress offer,offer,1,soup,86,I always had to speak up and try to get her attention for a refill.,caveman,TODO
no,decide,40,17,I have.,14,I decided to order another.,order,1,decide,86,I always had to speak up and try to get her attention for a refill.,caveman,TODO
no,helpful,40,19,I always had to speak up and try to get her attention for a refill.,5,The waitress was helpful but seemed to dislike me.,helpful,1,helpful,86,I always had to speak up and try to get her attention for a refill.,original,TODO
no,accept,40,20,I have.,7,I accepted her offer.,accept,1,accept,86,I always had to speak up and try to get her attention for a refill.,caveman,TODO
no,full,40,21,I always had to speak up and try to get her attention for a refill.,1,when they were half full,NA,1,full,86,I always had to speak up and try to get her attention for a refill.,original,TODO
no,accept,40,22,I have.,12,I accept.,accept,1,accept,86,I always had to speak up and try to get her attention for a refill.,caveman,TODO
no,accept,40,23,I have.,10,We accept the offer.,accept,1,accept,86,I always had to speak up and try to get her attention for a refill.,event_only,TODO
no,decide,88,2,I interrupt.,16,I decide what to do.,decide,1,decide,23,"I interrupted her stating, ""I will go get my manager,'' and walked away.",event_only,TODO
no,explain,88,3,I interrupt.,17,"He explained it to me, though.",explain,1,explain,23,"I interrupted her stating, ""I will go get my manager,'' and walked away.",caveman,TODO
no,decide,88,5,I interrupt.,10,The group decided to meet around 8pm. ,decide,1,decide,23,"I interrupted her stating, ""I will go get my manager,'' and walked away.",event_only,TODO
no,explain,88,9,I interrupt.,8,He explains.,explain,1,explain,23,"I interrupted her stating, ""I will go get my manager,'' and walked away.",caveman,TODO
no,go,88,15,I interrupt.,12,where should i go.,go,1,travel,23,"I interrupted her stating, ""I will go get my manager,'' and walked away.",caveman,TODO
no,tell,88,18,"I interrupted her stating, ""I will go get my manager,'' and walked away.",5,I told the guest that their coupons were not any good here.,tell,1,state,23,"I interrupted her stating, ""I will go get my manager,'' and walked away.",original,yes
no,bring,88,21,"I interrupted her stating, ""I will go get my manager,'' and walked away.",10,They had brought coupons in that we didn't normally accept.,bring,1,bring,23,"I interrupted her stating, ""I will go get my manager,'' and walked away.",original,TODO
no,apologize,88,22,I interrupt.,4,I apologize.,apologize,1,apologize,23,"I interrupted her stating, ""I will go get my manager,'' and walked away.",caveman,TODO
no,apologize,88,23,I interrupt.,15,I apologized.,apologize,1,apologize,23,"I interrupted her stating, ""I will go get my manager,'' and walked away.",event_only,TODO
no,great,22,3,I order.,8,Our meal was great.,great,0,great,153,"I ordered a fairly simple meal, and it was only when I opened my wallet that I suddenly realised I had forgotten to go to the bank.",caveman,TODO
no,look,22,5,I order.,16,We all look forward to getting together. ,look forward,0,look,153,"I ordered a fairly simple meal, and it was only when I opened my wallet that I suddenly realised I had forgotten to go to the bank.",event_only,TODO
no,ridiculous,22,8,"I ordered a fairly simple meal, and it was only when I opened my wallet that I suddenly realised I had forgotten to go to the bank.",7,The price of the menu was absolutely ridiculous.,ridiculous,0,pathetic,153,"I ordered a fairly simple meal, and it was only when I opened my wallet that I suddenly realised I had forgotten to go to the bank.",original,TODO
no,mystery,22,9,I order.,14,It was a mystery.,mystery,0,mystery,153,"I ordered a fairly simple meal, and it was only when I opened my wallet that I suddenly realised I had forgotten to go to the bank.",caveman,TODO
yes,order,22,20,I order.,6,I ordered a meal.,order,0,order,153,"I ordered a fairly simple meal, and it was only when I opened my wallet that I suddenly realised I had forgotten to go to the bank.",caveman,TODO
no,see,22,22,I order.,11,I see.,seem,0,see,153,"I ordered a fairly simple meal, and it was only when I opened my wallet that I suddenly realised I had forgotten to go to the bank.",caveman,TODO
no,work,22,23,I order.,16,It worked.,work,0,work,153,"I ordered a fairly simple meal, and it was only when I opened my wallet that I suddenly realised I had forgotten to go to the bank.",event_only,TODO
no,retire,110,2,I refuse.,2,My wife finally retired now she washes lots of dishes.,retired,2,retire,50,I refused but also declined to tip the culprit.,event_only,TODO
no,seem,110,3,I refuse.,15,It seemed like the food had been reheated.,reheated,2,look,50,I refused but also declined to tip the culprit.,caveman,TODO
no,like,110,13,I refuse.,15,She usually doesn't like a sink of dirty dishes being left.,like,2,wish,50,I refused but also declined to tip the culprit.,caveman,TODO
no,retire,110,15,I refuse.,4,Why would my wife retire.,retire,2,retire,50,I refused but also declined to tip the culprit.,caveman,TODO
no,ask,110,16,I refuse.,12,I ask.,ask,2,ask,50,I refused but also declined to tip the culprit.,caveman,TODO
no,get,110,17,I refuse.,11,I get home from work late.,get,2,get,50,I refused but also declined to tip the culprit.,caveman,TODO
no,overcooked,18,1,I tip.,14,The food was overcooked and not good. ,overcooked,2,overcooked,271,"I usually tip well, but I gave the waiter 12%, which actually was too much.",caveman,TODO
no,rude,18,3,I tip.,5,The staff were very rude.,rude,2,ill-mannered,271,"I usually tip well, but I gave the waiter 12%, which actually was too much.",caveman,TODO
no,want,18,4,"I usually tip well, but I gave the waiter 12%, which actually was too much.",12,He wanted us to leave but we weren't going anywhere.,want,2,desire,271,"I usually tip well, but I gave the waiter 12%, which actually was too much.",original,TODO
no,go,18,6,I tip.,4,"They were going to leave, but the waiter offered them an incentive to stay, so they did.",offer,2,travel,271,"I usually tip well, but I gave the waiter 12%, which actually was too much.",event_only,TODO
no,make,18,10,I tip.,17,We made a good choice,make,2,make,271,"I usually tip well, but I gave the waiter 12%, which actually was too much.",event_only,TODO
no,leave,18,22,I tip.,9,We leave.,leave,2,leave,271,"I usually tip well, but I gave the waiter 12%, which actually was too much.",caveman,TODO
yes,accuse,168,4,I was so embarrassed by the spectacle she made us into that I just wanted to leave.,2,"She accused us of being cheap so loudly everyone in the restaurant stared at her, and then us.",accuse,2,accuse,177,I was so embarrassed by the spectacle she made us into that I just wanted to leave.,original,TODO
no,strange,168,8,I was so embarrassed by the spectacle she made us into that I just wanted to leave.,14,"It may be strange to most people, but we like to keep track of our own food bills.",strange,2,strange,177,I was so embarrassed by the spectacle she made us into that I just wanted to leave.,original,TODO
no,mad,168,11,I embarrassed.,17,She mad.,mad,2,huffy,177,I was so embarrassed by the spectacle she made us into that I just wanted to leave.,caveman,TODO
no,let,168,15,I embarrassed.,3,"As for what women order, a lot of them let their husband decide.",order,2,let,177,I was so embarrassed by the spectacle she made us into that I just wanted to leave.,caveman,TODO
no,mind,168,17,I embarrassed.,6,The husband did not mind.,mind,2,mind,177,I was so embarrassed by the spectacle she made us into that I just wanted to leave.,caveman,TODO
no,laugh,168,20,I embarrassed.,15,Everyone laughs at him.,laugh,2,laugh,177,I was so embarrassed by the spectacle she made us into that I just wanted to leave.,caveman,TODO
no,think,168,21,I was so embarrassed by the spectacle she made us into that I just wanted to leave.,11,It's like they thought we were divorced.,think,2,think,177,I was so embarrassed by the spectacle she made us into that I just wanted to leave.,original,TODO
no,refuse,110,1,I wonder.,12,"My wife refused to cook me anymore meals, stating that she was too busy. ",refuse,3,refuse,50,"I wonder, however, what we could have done differently to avoid his attitude.",caveman,TODO
no,get,110,4,"I wonder, however, what we could have done differently to avoid his attitude.",11,He wasn't getting a penny more from me.,get,3,get,50,"I wonder, however, what we could have done differently to avoid his attitude.",original,TODO
no,want,110,8,"I wonder, however, what we could have done differently to avoid his attitude.",1,"We just wanted a nice meal, but instead we have a terrible service.",want,3,desire,50,"I wonder, however, what we could have done differently to avoid his attitude.",original,TODO
no,refuse,110,10,I wonder.,5,I refused to pay the bill!,refuse,3,refuse,50,"I wonder, however, what we could have done differently to avoid his attitude.",event_only,TODO
no,mad,110,11,I wonder.,12,She mad.,mad,3,huffy,50,"I wonder, however, what we could have done differently to avoid his attitude.",caveman,TODO
no,bring,110,14,I wonder.,8,The waiter brought us free dessert anyway.,bring,3,bring,50,"I wonder, however, what we could have done differently to avoid his attitude.",event_only,TODO
no,back,110,18,"I wonder, however, what we could have done differently to avoid his attitude.",14,We will not be back.,return,3,back,50,"I wonder, however, what we could have done differently to avoid his attitude.",original,TODO
no,offer,110,19,"I wonder, however, what we could have done differently to avoid his attitude.",9,He offered to take it back to the kitchen to heat it up,offer,3,offer,50,"I wonder, however, what we could have done differently to avoid his attitude.",original,TODO
no,complain,110,20,I wonder.,11,I complained to the manager,complain,3,complain,50,"I wonder, however, what we could have done differently to avoid his attitude.",caveman,TODO
no,ask,110,22,I wonder.,6,I ask.,ask,3,ask,50,"I wonder, however, what we could have done differently to avoid his attitude.",caveman,TODO
no,frustrating,78,3,You think.,11,It was very frustrating.,frustrating,1,frustrating,22,"If anyone should know better, you'd think it was him, except for his sense of entitlement.",caveman,TODO
no,order,78,5,You think.,1,we order appetizers ,order,1,order,22,"If anyone should know better, you'd think it was him, except for his sense of entitlement.",event_only,TODO
no,explain,78,6,You think.,15,"Someone was explaining what human beings, in general, allow others to do to them.",explain,1,explain,22,"If anyone should know better, you'd think it was him, except for his sense of entitlement.",event_only,TODO
no,end,78,8,"If anyone should know better, you'd think it was him, except for his sense of entitlement.",3,We ended up with a goodnight.,end,1,end,22,"If anyone should know better, you'd think it was him, except for his sense of entitlement.",original,TODO
no,allow,78,10,You think.,2,We allow our server to give us more details about the special of the day,allow,1,let,22,"If anyone should know better, you'd think it was him, except for his sense of entitlement.",event_only,TODO
no,have,78,13,You think.,5,We had to leave our dog outside in the car.,leave,1,have,22,"If anyone should know better, you'd think it was him, except for his sense of entitlement.",caveman,TODO
no,ask,78,14,You think.,5,They asked if we would switch tables. ,ask,1,ask,22,"If anyone should know better, you'd think it was him, except for his sense of entitlement.",event_only,TODO
no,allow,78,15,You think.,17,What rules do we not allow?,allow,1,let,22,"If anyone should know better, you'd think it was him, except for his sense of entitlement.",caveman,TODO
no,enjoy,78,19,"If anyone should know better, you'd think it was him, except for his sense of entitlement.",7,We enjoyed the night just fine.,enjoy,1,enjoy,22,"If anyone should know better, you'd think it was him, except for his sense of entitlement.",original,TODO
no,make,78,21,"If anyone should know better, you'd think it was him, except for his sense of entitlement.",12,We made up for the evening later on.,make up,1,make,22,"If anyone should know better, you'd think it was him, except for his sense of entitlement.",original,TODO
no,leave,78,22,You think.,7,We leave.,leave,1,leave,22,"If anyone should know better, you'd think it was him, except for his sense of entitlement.",caveman,TODO
no,manager,48,2,Judge try.,5,I am now the manager at work/,manager,1,director,22,"In reality this ""judge'' was trying to hide his martini on the floor.",event_only,TODO
no,suspect,48,4,"In reality this ""judge'' was trying to hide his martini on the floor.",13,I strongly suspected the customer was a drunk.,suspect,1,suspect,22,"In reality this ""judge'' was trying to hide his martini on the floor.",original,TODO
no,manager,48,7,Judge try.,7,I am the manager.,manager,1,director,22,"In reality this ""judge'' was trying to hide his martini on the floor.",event_only,TODO
no,run,48,9,Judge try in reality.,4,I run this place.,run,1,run,22,"In reality this ""judge'' was trying to hide his martini on the floor.",caveman,TODO
no,work,48,11,Judge try in reality.,13,I work.,work,1,work,22,"In reality this ""judge'' was trying to hide his martini on the floor.",caveman,TODO
no,employee,48,16,Judge try in reality.,13,They are employees.,employees,1,employee,22,"In reality this ""judge'' was trying to hide his martini on the floor.",caveman,TODO
no,unruly,48,18,"In reality this ""judge'' was trying to hide his martini on the floor.",7,"The patron was unruly, but looked too drunk to do anything about it.",unruly,1,boisterous,22,"In reality this ""judge'' was trying to hide his martini on the floor.",original,TODO
no,complain,48,24,"In reality this ""judge'' was trying to hide his martini on the floor.",15,The man loudly complained and then proceeded to knock a glass off the bar.,complain,1,complain,22,"In reality this ""judge'' was trying to hide his martini on the floor.",original,TODO
no,Friday,29,4,It happened on a bank holiday and I was not at work that day.,4,"It was a Friday, so the restaurant was full.",full,0,friday,171,It happened on a bank holiday and I was not at work that day.,original,TODO
no,brough,29,5,It happen.,17,The waitress brough a pitcher out from the bar. ,bring,0,brough,171,It happened on a bank holiday and I was not at work that day.,event_only,TODO
no,pour,29,7,It happen.,1,It poured rain.,pour,0,pour,171,It happened on a bank holiday and I was not at work that day.,event_only,TODO
no,walk,29,8,It happened on a bank holiday and I was not at work that day.,11,I was walking outside and noticed a restaurant.,walk,0,walk,171,It happened on a bank holiday and I was not at work that day.,original,TODO
no,walk,29,12,It happen on holiday.,7,As I walked out side the rain began to pour like mad.,walk,0,walk,171,It happened on a bank holiday and I was not at work that day.,caveman,TODO
no,small,29,18,It happened on a bank holiday and I was not at work that day.,17,The next location was extremely small.,small,0,small,171,It happened on a bank holiday and I was not at work that day.,original,TODO
no,arrive,29,22,It happen on holiday.,16,We arrive.,enter,0,arrive,171,It happened on a bank holiday and I was not at work that day.,caveman,TODO
no,enjoy,29,24,It happened on a bank holiday and I was not at work that day.,3,"I couldn't enjoy my meal, because of two screaming babies in the restaurant.",enjoy,0,enjoy,171,It happened on a bank holiday and I was not at work that day.,original,TODO
no,come,22,1,It thing.,10,The waiter came to the table at last. ,come,1,come,153,It was a good thing that they didn't prepare my meal before giving me the price!,caveman,no
no,eat,22,2,It thing.,17,I eat and it is good.,eat,1,eat,153,It was a good thing that they didn't prepare my meal before giving me the price!,event_only,TODO
no,embarrassed,22,4,It was a good thing that they didn't prepare my meal before giving me the price!,8,I was so embarrassed.,embarrassed,1,abashed,153,It was a good thing that they didn't prepare my meal before giving me the price!,original,TODO
no,place,22,6,It thing.,16,Someone was placing an order at a restaurant.,order,1,put,153,It was a good thing that they didn't prepare my meal before giving me the price!,event_only,TODO
no,order,22,7,It thing.,17,I order a sandwich.,order,1,order,153,It was a good thing that they didn't prepare my meal before giving me the price!,event_only,TODO
no,wait,22,10,It thing.,11,I could not wait to taste that delicious burrito,wait,1,wait,153,It was a good thing that they didn't prepare my meal before giving me the price!,event_only,TODO
no,eat,22,11,It thing.,3,I eat.,eat,1,eat,153,It was a good thing that they didn't prepare my meal before giving me the price!,caveman,TODO
no,drive-thru,22,12,It thing.,8,"I was in the drive-thru at Mcdonalds, I placed my order.",order,1,drive-thru,153,It was a good thing that they didn't prepare my meal before giving me the price!,caveman,TODO
no,relax,22,13,It thing.,14,We relaxed and took our time when the meal arrived.,relax,1,relax,153,It was a good thing that they didn't prepare my meal before giving me the price!,caveman,TODO
no,look,22,14,It thing.,14,I looked over the menu.,look,1,look,153,It was a good thing that they didn't prepare my meal before giving me the price!,event_only,TODO
no,care,22,15,It thing.,1,Why do you care about what I order,order,1,care,153,It was a good thing that they didn't prepare my meal before giving me the price!,caveman,TODO
no,eat,22,16,It thing.,4,I eat.,eat,1,eat,153,It was a good thing that they didn't prepare my meal before giving me the price!,caveman,TODO
no,ready,22,17,It thing.,2,I am ready to order.,order,1,ready,153,It was a good thing that they didn't prepare my meal before giving me the price!,caveman,TODO
no,embarrassed,22,18,It was a good thing that they didn't prepare my meal before giving me the price!,15,I have never been so embarrassed.,embarrassed,1,abashed,153,It was a good thing that they didn't prepare my meal before giving me the price!,original,TODO
no,have,22,19,It was a good thing that they didn't prepare my meal before giving me the price!,10,I had no money to pay. ,have,1,have,153,It was a good thing that they didn't prepare my meal before giving me the price!,original,TODO
no,have,22,21,It was a good thing that they didn't prepare my meal before giving me the price!,16,I had no idea how I was going to pay for the food.,have,1,have,153,It was a good thing that they didn't prepare my meal before giving me the price!,original,TODO
no,tell,22,24,It was a good thing that they didn't prepare my meal before giving me the price!,14,The waitress told me there was an ATM next door if I needed to get cash.,tell,1,state,153,It was a good thing that they didn't prepare my meal before giving me the price!,original,TODO
no,happen,29,1,It pour with rain.,17,It happened on a weekend. ,happen,1,happen,171,It was also pouring with rain outside and the restaurant was very busy with only about two tables free.,caveman,TODO
no,have,29,3,It pour with rain.,6,"We still had a good time, though.",have,1,have,171,It was also pouring with rain outside and the restaurant was very busy with only about two tables free.,caveman,TODO
no,happen,29,6,It pour.,6,"Something they were anticipating, but weren't positive would happen, did.",anticipate,1,happen,171,It was also pouring with rain outside and the restaurant was very busy with only about two tables free.,event_only,TODO
no,happen,29,10,It pour.,4,It happened that that particular Mondays that Chinese restaurant was c losed,happen,1,happen,171,It was also pouring with rain outside and the restaurant was very busy with only about two tables free.,event_only,TODO
no,know,29,13,It pour with rain.,13,You never know what to expect this time of year.,know,1,know,171,It was also pouring with rain outside and the restaurant was very busy with only about two tables free.,caveman,TODO
no,happen,29,15,It pour with rain.,7,When did it happen on holiday,holiday,1,happen,171,It was also pouring with rain outside and the restaurant was very busy with only about two tables free.,caveman,TODO
no,end,29,16,It pour with rain.,8,Holiday end.,end,1,end,171,It was also pouring with rain outside and the restaurant was very busy with only about two tables free.,caveman,TODO
no,surprise,29,23,It pour.,12,We were surprised.,surprised,1,surprise,171,It was also pouring with rain outside and the restaurant was very busy with only about two tables free.,event_only,TODO
no,strong,10,3,It be.,1,The air conditioning was too strong.,strong,0,strong,25,It was off to a bad start as soon as I walked in the door.,caveman,TODO
no,put,10,5,It be.,4,Putting our best judgement aside we decided to stay ,stay,0,put,25,It was off to a bad start as soon as I walked in the door.,event_only,TODO
no,have,10,6,It be.,9,The person had to commute outdoors in very cold weather.,commute,0,have,25,It was off to a bad start as soon as I walked in the door.,event_only,TODO
no,cold,10,11,It be.,15,It cold.,cold,0,cold,25,It was off to a bad start as soon as I walked in the door.,caveman,TODO
no,have,10,14,It be.,15,The restaurant had the AC turned up high.,have,0,have,25,It was off to a bad start as soon as I walked in the door.,event_only,TODO
no,suck,10,18,It was off to a bad start as soon as I walked in the door.,1,"The weather in Michigan winters sucks, especially in this old house.",sucks,0,suck,25,It was off to a bad start as soon as I walked in the door.,original,TODO
no,serve,10,20,It be.,4,The dessert was served.,serve,0,serve,25,It was off to a bad start as soon as I walked in the door.,caveman,TODO
no,cold,10,21,It was off to a bad start as soon as I walked in the door.,6,It's so cold out now and the door is drafty.,cold,0,cold,25,It was off to a bad start as soon as I walked in the door.,original,TODO
no,point,58,2,It freezing.,3,When the waiter brought our food he pointed something out to me.,point,0,indicate,171,It's freezing this time of year so I didn't want to sit near the door.,event_only,TODO
no,be,10,2,It freezing.,9,So it will be.,be,1,be,25,It's freezing this time of year so I didn't want to sit near the door.,event_only,TODO
no,busy,10,4,It's freezing this time of year so I didn't want to sit near the door.,6,The restaurant was busy and we had to wait to be seated.,busy,1,busy,25,It's freezing this time of year so I didn't want to sit near the door.,original,TODO
no,tell,10,8,It's freezing this time of year so I didn't want to sit near the door.,8,I can tell by the emptiness of the restaurant that it wouldn't be good.,tell,1,state,25,It's freezing this time of year so I didn't want to sit near the door.,original,TODO
no,go,58,9,It freezing.,17,I went to a restaurant.,go,0,travel,171,It's freezing this time of year so I didn't want to sit near the door.,caveman,TODO
no,so,10,10,It freezing.,8,And indeed it was so.,be,1,so,25,It's freezing this time of year so I didn't want to sit near the door.,event_only,TODO
no,come,58,11,It freezing.,1,I come.,come,0,come,171,It's freezing this time of year so I didn't want to sit near the door.,caveman,TODO
no,experience,10,12,It freezing.,14,It was a great experience.,great,1,experience,25,It's freezing this time of year so I didn't want to sit near the door.,caveman,TODO
no,get,58,14,It freezing.,16,We quickly got a table. ,get,0,get,171,It's freezing this time of year so I didn't want to sit near the door.,event_only,TODO
no,end,10,16,It freezing.,11,It end.,end,1,end,25,It's freezing this time of year so I didn't want to sit near the door.,caveman,TODO
no,find,58,17,It freezing.,7,I find a table to enjoy my meal.,get,0,find,171,It's freezing this time of year so I didn't want to sit near the door.,caveman,TODO
no,decide,10,17,It freezing.,17,I decide to order it as well.,order,1,decide,25,It's freezing this time of year so I didn't want to sit near the door.,caveman,TODO
no,go,58,19,It's freezing this time of year so I didn't want to sit near the door.,16,I went to a restaurant and they told me to wait for an open table. ,go,0,travel,171,It's freezing this time of year so I didn't want to sit near the door.,original,TODO
no,horrible,10,19,It's freezing this time of year so I didn't want to sit near the door.,17,My day was horrible.,horrible,1,atrocious,25,It's freezing this time of year so I didn't want to sit near the door.,original,TODO
no,arrive,58,20,It freezing.,10,I arrived at the restaurant.,arrive,0,arrive,171,It's freezing this time of year so I didn't want to sit near the door.,caveman,TODO
no,tell,58,21,It's freezing this time of year so I didn't want to sit near the door.,15,They told me that the booth was reserved and so I couldn't have it.,tell,0,state,171,It's freezing this time of year so I didn't want to sit near the door.,original,TODO
no,notice,10,24,It's freezing this time of year so I didn't want to sit near the door.,16,I noticed a server on staff that day was the same one who'd been rude to me before.,notice,1,detect,25,It's freezing this time of year so I didn't want to sit near the door.,original,TODO
no,experience,18,8,"Just to spite him, we remained at our table for nearly 3 hours.",17,This was the worse experience I ever had a restaurant.,worst,1,experience,271,"Just to spite him, we remained at our table for nearly 3 hours.",original,no
no,pay,18,11,We remain for hour to spite.,5,I pay.,pay,1,pay,271,"Just to spite him, we remained at our table for nearly 3 hours.",caveman,TODO
no,lovely,18,13,We remain for hour to spite.,11,The entire experience was lovely.,lovely,1,lovely,271,"Just to spite him, we remained at our table for nearly 3 hours.",caveman,TODO
no,sign,18,16,We remain for hour to spite.,15,I sign.,sign,1,sign,271,"Just to spite him, we remained at our table for nearly 3 hours.",caveman,TODO
no,thank,18,23,We remain.,8,We thank him.,thank,1,thank,271,"Just to spite him, we remained at our table for nearly 3 hours.",event_only,TODO
no,forget,168,1,Husband decide.,4,"I forgot my wallet at home, and could not pay for my food. ",forget,0,forget,177,My husband and I decided to just order a couple of sodas and desserts as we had a big breakfast earlier in the day and we explained to the waitress that our two orders would be on a separate ticket which seemed to confuse her.,caveman,no
no,spill,168,3,Husband decide.,7,The waiter spilled my drink on me.,spill,0,spill,177,My husband and I decided to just order a couple of sodas and desserts as we had a big breakfast earlier in the day and we explained to the waitress that our two orders would be on a separate ticket which seemed to confuse her.,caveman,TODO
no,someone,168,6,Husband decide.,13,Someone did something embarrassing in public.,embarrassing,0,person,177,My husband and I decided to just order a couple of sodas and desserts as we had a big breakfast earlier in the day and we explained to the waitress that our two orders would be on a separate ticket which seemed to confuse her.,event_only,TODO
no,drop,168,10,Husband decide.,7,My pants somehow dropped,drop,0,drop,177,My husband and I decided to just order a couple of sodas and desserts as we had a big breakfast earlier in the day and we explained to the waitress that our two orders would be on a separate ticket which seemed to confuse her.,event_only,TODO
no,drop,168,12,Husband decide.,4,When I walked into the cafeteria I dropped my plate.,walk,0,drop,177,My husband and I decided to just order a couple of sodas and desserts as we had a big breakfast earlier in the day and we explained to the waitress that our two orders would be on a separate ticket which seemed to confuse her.,caveman,TODO
no,drop,168,14,Husband decide.,2,I dropped the plate.,drop,0,drop,177,My husband and I decided to just order a couple of sodas and desserts as we had a big breakfast earlier in the day and we explained to the waitress that our two orders would be on a separate ticket which seemed to confuse her.,event_only,TODO
no,trip,168,16,Husband decide.,16,I trip.,trip,0,trip,177,My husband and I decided to just order a couple of sodas and desserts as we had a big breakfast earlier in the day and we explained to the waitress that our two orders would be on a separate ticket which seemed to confuse her.,caveman,TODO
no,come,168,18,My husband and I decided to just order a couple of sodas and desserts as we had a big breakfast earlier in the day and we explained to the waitress that our two orders would be on a separate ticket which seemed to confuse her.,6,My wife came completely unglued and threatened to sue the restaurant.,upset,0,come,177,My husband and I decided to just order a couple of sodas and desserts as we had a big breakfast earlier in the day and we explained to the waitress that our two orders would be on a separate ticket which seemed to confuse her.,original,TODO
no,drop,168,22,Husband decide.,10,I drop.,drop,0,drop,177,My husband and I decided to just order a couple of sodas and desserts as we had a big breakfast earlier in the day and we explained to the waitress that our two orders would be on a separate ticket which seemed to confuse her.,caveman,TODO
no,knock,168,24,My husband and I decided to just order a couple of sodas and desserts as we had a big breakfast earlier in the day and we explained to the waitress that our two orders would be on a separate ticket which seemed to confuse her.,1,My friend knocked over a dessert cart at a restaurant.,knock,0,knock,177,My husband and I decided to just order a couple of sodas and desserts as we had a big breakfast earlier in the day and we explained to the waitress that our two orders would be on a separate ticket which seemed to confuse her.,original,TODO
no,ask,76,2,She break.,12,I asked what she wanted.,ask,0,ask,33,"Of course, she breaks the teabag inside.",event_only,TODO
no,be,76,3,She break.,16,There were a lot of options to choose from.,options,0,be,33,"Of course, she breaks the teabag inside.",caveman,TODO
no,decide,76,6,She break.,11,She decided to break up with someone.,decide,0,decide,33,"Of course, she breaks the teabag inside.",event_only,TODO
no,decide,76,7,She break.,8,She decide who wins.,decide,0,decide,33,"Of course, she breaks the teabag inside.",event_only,TODO
no,talk,76,8,"Of course, she breaks the teabag inside.",4,She has been talking on the phone all night.,talk,0,talk,33,"Of course, she breaks the teabag inside.",original,TODO
no,know,76,9,She break.,13,She doesn't know what to do.,know,0,know,33,"Of course, she breaks the teabag inside.",caveman,TODO
no,go,76,10,She break.,1,"Where to go for dinner?As usual,",decide,0,travel,33,"Of course, she breaks the teabag inside.",event_only,TODO
no,have,76,12,She break.,13,She had just to make her decision on the menu but was getting close.,decide,0,have,33,"Of course, she breaks the teabag inside.",caveman,TODO
no,discuss,76,13,She break.,6,We discussed it at length. ,discuss,0,discourse,33,"Of course, she breaks the teabag inside.",caveman,TODO
no,read,76,14,She break.,11,The waiter read us the specials.,read,0,read,33,"Of course, she breaks the teabag inside.",event_only,TODO
no,able,76,17,She break.,1,She was finally able to decide.,decide,0,able,33,"Of course, she breaks the teabag inside.",caveman,TODO
no,pain,76,19,"Of course, she breaks the teabag inside.",3,Martha has been being a complete pain all night.,pain,0,pain,33,"Of course, she breaks the teabag inside.",original,TODO
no,argue,76,20,She break.,17,We argued about what we would get.,argue,0,argue,33,"Of course, she breaks the teabag inside.",caveman,TODO
no,look,76,21,"Of course, she breaks the teabag inside.",14,I looked at the rude woman on her cellphone as she held up the rest of the line.,look,0,look,33,"Of course, she breaks the teabag inside.",original,TODO
no,ask,76,22,She break.,15,He asks.,ask,0,ask,33,"Of course, she breaks the teabag inside.",caveman,TODO
no,keep,76,24,"Of course, she breaks the teabag inside.",12,"The woman kept changing her order, and had been talking on her phone for five minutes.",keep,0,keep,33,"Of course, she breaks the teabag inside.",original,TODO
no,fault,11,3,Son behave.,3,"It wasn't the restaurant's fault, though.",fault,4,mistake,191,Our son was now behaving the way you would expect an 18-month-old to behave after sitting in a high chair for nearly an hour watching other people eat.,caveman,TODO
no,please,11,5,Son behave.,5,Please get the manager ,get,4,please,191,Our son was now behaving the way you would expect an 18-month-old to behave after sitting in a high chair for nearly an hour watching other people eat.,event_only,TODO
no,blame,11,7,Son behave.,5,We blame the criminals.,blame,4,blame,191,Our son was now behaving the way you would expect an 18-month-old to behave after sitting in a high chair for nearly an hour watching other people eat.,event_only,TODO
no,be,11,15,Son behave.,9,what would we be,NA,4,be,191,Our son was now behaving the way you would expect an 18-month-old to behave after sitting in a high chair for nearly an hour watching other people eat.,caveman,TODO
no,make,11,17,Son behave.,10,The son accidentally makes a mess.,make,4,make,191,Our son was now behaving the way you would expect an 18-month-old to behave after sitting in a high chair for nearly an hour watching other people eat.,caveman,TODO
yes,wear,11,18,Our son was now behaving the way you would expect an 18-month-old to behave after sitting in a high chair for nearly an hour watching other people eat.,3,He eventually wore out and crashed.,crash,4,wear,191,Our son was now behaving the way you would expect an 18-month-old to behave after sitting in a high chair for nearly an hour watching other people eat.,original,TODO
no,make,11,22,Son behave.,5,He make mistake.,mistake,4,make,191,Our son was now behaving the way you would expect an 18-month-old to behave after sitting in a high chair for nearly an hour watching other people eat.,caveman,TODO
no,apologize,11,23,Son behave.,2,We apologized for the problem.,apologize,4,apologize,191,Our son was now behaving the way you would expect an 18-month-old to behave after sitting in a high chair for nearly an hour watching other people eat.,event_only,TODO
no,start,11,24,Our son was now behaving the way you would expect an 18-month-old to behave after sitting in a high chair for nearly an hour watching other people eat.,17,"My kid started to scream loudly, because he was tired.",scream,4,get_down,191,Our son was now behaving the way you would expect an 18-month-old to behave after sitting in a high chair for nearly an hour watching other people eat.,original,TODO
no,decide,110,5,Dish hot.,NA,She decided to think it over before signing. ,decide,1,decide,50,The dish was not hot and barely palatable  I believe he deliberately left it sitting before he brought it out as there were not enough other customers for the kitchen to be backed up.,event_only,TODO
no,retire,110,6,,NA,"The person's wife retired, but he refused to and wondered why his wife chose to.",retired,1,retire,50,The dish was not hot and barely palatable  I believe he deliberately left it sitting before he brought it out as there were not enough other customers for the kitchen to be backed up.,event_only,no
no,wonder,110,7,Dish hot.,NA,I wonder who will win.,wonder,1,wonder,50,The dish was not hot and barely palatable  I believe he deliberately left it sitting before he brought it out as there were not enough other customers for the kitchen to be backed up.,event_only,TODO
no,want,110,9,Dish not hot.,NA,She wants us to buy an RV.,want,1,desire,50,The dish was not hot and barely palatable  I believe he deliberately left it sitting before he brought it out as there were not enough other customers for the kitchen to be backed up.,caveman,TODO
no,income,110,21,The dish was not hot and barely palatable  I believe he deliberately left it sitting before he brought it out as there were not enough other customers for the kitchen to be backed up.,8,We are on a fixed income.,fixed income,1,income,50,The dish was not hot and barely palatable  I believe he deliberately left it sitting before he brought it out as there were not enough other customers for the kitchen to be backed up.,,TODO
no,need,110,23,Dish hot.,NA,I still need to work.,work,1,necessitate,50,The dish was not hot and barely palatable  I believe he deliberately left it sitting before he brought it out as there were not enough other customers for the kitchen to be backed up.,event_only,TODO
yes,rude,110,24,The dish was not hot and barely palatable  I believe he deliberately left it sitting before he brought it out as there were not enough other customers for the kitchen to be backed up.,13,Our server was extremely rude to us at the restaurant.,rude,1,ill-mannered,50,The dish was not hot and barely palatable  I believe he deliberately left it sitting before he brought it out as there were not enough other customers for the kitchen to be backed up.,,TODO
no,arrive,41,3,Food good.,12,We arrived early.,arrive,0,arrive,120,"The food was good, the service was good, we had a fun time.",caveman,TODO
no,go,41,4,"The food was good, the service was good, we had a fun time.",16,We went to our regular restaurant on Friday night.,go,0,travel,243,"The food was good, the service was good, we had a fun time.",original,TODO
no,come,41,8,"The food was good, the service was good, we had a fun time.",2,The waiter came and seated us.,come,0,come,243,"The food was good, the service was good, we had a fun time.",original,TODO
no,get,41,8,"The food was good, the service was good, we had a fun time.",12,My family has gotten me to go to a restaurant.,go,0,get,120,"The food was good, the service was good, we had a fun time.",original,TODO
no,decide,41,9,Food good.,5,We decided which restaurant to go to.,decide,0,decide,243,"The food was good, the service was good, we had a fun time.",caveman,TODO
no,pick,41,9,Food good.,12,We picked a restaurant.,decide,0,pick,120,"The food was good, the service was good, we had a fun time.",caveman,TODO
no,hungry,41,11,Food good.,11,We hungry.,hungry,0,hungry,120,"The food was good, the service was good, we had a fun time.",caveman,TODO
no,ask,41,15,Food good.,15,what did she ask,ask,0,ask,243,"The food was good, the service was good, we had a fun time.",caveman,TODO
no,enter,41,16,Food good.,17,We enter.,arrive,0,enter,243,"The food was good, the service was good, we had a fun time.",caveman,TODO
no,end,41,18,"The food was good, the service was good, we had a fun time.",11,We ended up carrying on quite a conversation with the waitress.,converse,0,end,120,"The food was good, the service was good, we had a fun time.",original,TODO
yes,happy,41,19,"The food was good, the service was good, we had a fun time.",11,I was happy to be out at lunch.,enjoy,0,happy,120,"The food was good, the service was good, we had a fun time.",original,TODO
no,arrive,41,20,Food good.,13,We arrived at the restaurant.,arrive,0,arrive,243,"The food was good, the service was good, we had a fun time.",caveman,TODO
no,greet,41,20,Food good.,14,We were greeted by the hostess,greet,0,greet,120,"The food was good, the service was good, we had a fun time.",caveman,TODO
no,friendly,41,21,"The food was good, the service was good, we had a fun time.",7,"We're friendly, but I'm shy.",friendly,0,friendly,243,"The food was good, the service was good, we had a fun time.",original,TODO
no,decide,41,21,"The food was good, the service was good, we had a fun time.",17,We decided to try the new restaurant with good reviews.,decide,0,decide,120,"The food was good, the service was good, we had a fun time.",original,TODO
no,decide,41,22,Food good.,2,We decide.,decide,0,decide,120,"The food was good, the service was good, we had a fun time.",caveman,TODO
no,make,41,23,Food good.,11,We made reservations.,reserve,0,make,243,"The food was good, the service was good, we had a fun time.",event_only,TODO
yes,leave,68,9,Manager shout after they.,7,He leaves without paying.,leave,6,leave,196,"The manager shouted after them that they had not paid their bill, and the man shouted back something that I can't repeat on a family site.",caveman,TODO
no,satisfied,68,10,Manager shout.,13,He was not at all satisfied,satisfied,6,satisfied,196,"The manager shouted after them that they had not paid their bill, and the man shouted back something that I can't repeat on a family site.",event_only,TODO
yes,leave,68,11,Manager shout after they.,8,He leave.,leave,6,leave,196,"The manager shouted after them that they had not paid their bill, and the man shouted back something that I can't repeat on a family site.",caveman,TODO
yes,throw,68,12,Manager shout after they.,10,After he threw the ticket he stormed out of the place.,throw,6,throw,196,"The manager shouted after them that they had not paid their bill, and the man shouted back something that I can't repeat on a family site.",caveman,TODO
no,think,68,13,Manager shout after they.,8,I thought to myself that it was a waste of food.,think,6,think,196,"The manager shouted after them that they had not paid their bill, and the man shouted back something that I can't repeat on a family site.",caveman,TODO
yes,leave,68,16,Manager shout after they.,9,He leave.,leave,6,leave,196,"The manager shouted after them that they had not paid their bill, and the man shouted back something that I can't repeat on a family site.",caveman,TODO
no,agitate,68,18,"The manager shouted after them that they had not paid their bill, and the man shouted back something that I can't repeat on a family site.",4,"After the third steak, the man was getting visibly agitated, and appeared to become violent.",upset,6,agitate,196,"The manager shouted after them that they had not paid their bill, and the man shouted back something that I can't repeat on a family site.",original,yes
no,think,68,21,"The manager shouted after them that they had not paid their bill, and the man shouted back something that I can't repeat on a family site.",4,The man next to us thought they weren't giving him the full size of steak he ordered.,think,6,think,196,"The manager shouted after them that they had not paid their bill, and the man shouted back something that I can't repeat on a family site.",original,TODO
yes,leave,68,22,Manager shout after they.,1,Man leave.,leave,6,leave,196,"The manager shouted after them that they had not paid their bill, and the man shouted back something that I can't repeat on a family site.",caveman,TODO
yes,walk,68,23,Manager shout.,1,The couple walked out of the restaurant.,leave,6,walk,196,"The manager shouted after them that they had not paid their bill, and the man shouted back something that I can't repeat on a family site.",event_only,TODO
no,ask,102,5,Salad deliver.,9,He asked if we would like to order anything else ,ask,5,ask,151,The salads with the dinners were delivered before the appetizer we ordered.,event_only,TODO
no,have,102,6,Salad deliver.,2,"They had a negative experience at a restaurant, which they informed the manager of.",have,5,have,151,The salads with the dinners were delivered before the appetizer we ordered.,event_only,TODO
no,order,102,7,Salad deliver.,13,We order two Cokes.,order,5,order,151,The salads with the dinners were delivered before the appetizer we ordered.,event_only,TODO
no,ask,102,14,Salad deliver.,7,Our waited asked how our food tasted.,ask,5,ask,151,The salads with the dinners were delivered before the appetizer we ordered.,event_only,TODO
no,ask,102,17,Salad deliver before appetizer.,5,The waiter asks if we need anything else.,ask,5,ask,151,The salads with the dinners were delivered before the appetizer we ordered.,caveman,TODO
no,ask,102,22,Salad deliver before appetizer.,14,Waiter ask.,ask,5,ask,151,The salads with the dinners were delivered before the appetizer we ordered.,caveman,TODO
yes,come,84,1,Server start.,1,The waiter came to the table. ,come,1,come,63,"The server started arguing with my wife, ""I made sure the cook knew it had to be rare... the cook was going to leave it on longer but I made him take it off... etc.'' After a minute or so of listening to them argue about whether the burger was well done or rare, I just picked the burger patty up with both hands, they both stopped and looked at me, and I broke the burger patty in half with an audible snap.",caveman,no
no,fast,84,3,Server start.,13,The service was very fast.,fast,1,fast,63,"The server started arguing with my wife, ""I made sure the cook knew it had to be rare... the cook was going to leave it on longer but I made him take it off... etc.'' After a minute or so of listening to them argue about whether the burger was well done or rare, I just picked the burger patty up with both hands, they both stopped and looked at me, and I broke the burger patty in half with an audible snap.",caveman,TODO
no,impatient,84,6,Server start.,14,Someone was impatient and wanted to the time to pass quickly.,impatient,1,impatient,63,"The server started arguing with my wife, ""I made sure the cook knew it had to be rare... the cook was going to leave it on longer but I made him take it off... etc.'' After a minute or so of listening to them argue about whether the burger was well done or rare, I just picked the burger patty up with both hands, they both stopped and looked at me, and I broke the burger patty in half with an audible snap.",event_only,TODO
no,sit,84,8,"The server started arguing with my wife, ""I made sure the cook knew it had to be rare... the cook was going to leave it on longer but I made him take it off... etc.'' After a minute or so of listening to them argue about whether the burger was well done or rare, I just picked the burger patty up with both hands, they both stopped and looked at me, and I broke the burger patty in half with an audible snap.",6,I have been sitting there eating my food silently.,eat,1,sit,63,"The server started arguing with my wife, ""I made sure the cook knew it had to be rare... the cook was going to leave it on longer but I made him take it off... etc.'' After a minute or so of listening to them argue about whether the burger was well done or rare, I just picked the burger patty up with both hands, they both stopped and looked at me, and I broke the burger patty in half with an audible snap.",original,TODO
no,moment,84,10,Server start.,9,the moment we had been waiting for finally arrived,arrive,1,moment,63,"The server started arguing with my wife, ""I made sure the cook knew it had to be rare... the cook was going to leave it on longer but I made him take it off... etc.'' After a minute or so of listening to them argue about whether the burger was well done or rare, I just picked the burger patty up with both hands, they both stopped and looked at me, and I broke the burger patty in half with an audible snap.",event_only,TODO
yes,stop,84,13,Server start.,16,I stopped the watch just in time.,stop,1,stop,63,"The server started arguing with my wife, ""I made sure the cook knew it had to be rare... the cook was going to leave it on longer but I made him take it off... etc.'' After a minute or so of listening to them argue about whether the burger was well done or rare, I just picked the burger patty up with both hands, they both stopped and looked at me, and I broke the burger patty in half with an audible snap.",caveman,TODO
no,able,84,15,Server start.,2,You'll be able to see in seconds come,seem,1,able,63,"The server started arguing with my wife, ""I made sure the cook knew it had to be rare... the cook was going to leave it on longer but I made him take it off... etc.'' After a minute or so of listening to them argue about whether the burger was well done or rare, I just picked the burger patty up with both hands, they both stopped and looked at me, and I broke the burger patty in half with an audible snap.",caveman,TODO
no,eat,84,17,Server start.,4,I can definitely still eat more.,eat,1,eat,63,"The server started arguing with my wife, ""I made sure the cook knew it had to be rare... the cook was going to leave it on longer but I made him take it off... etc.'' After a minute or so of listening to them argue about whether the burger was well done or rare, I just picked the burger patty up with both hands, they both stopped and looked at me, and I broke the burger patty in half with an audible snap.",caveman,TODO
no,tell,84,18,"The server started arguing with my wife, ""I made sure the cook knew it had to be rare... the cook was going to leave it on longer but I made him take it off... etc.'' After a minute or so of listening to them argue about whether the burger was well done or rare, I just picked the burger patty up with both hands, they both stopped and looked at me, and I broke the burger patty in half with an audible snap.",13,We told him it was great.,tell,1,state,63,"The server started arguing with my wife, ""I made sure the cook knew it had to be rare... the cook was going to leave it on longer but I made him take it off... etc.'' After a minute or so of listening to them argue about whether the burger was well done or rare, I just picked the burger patty up with both hands, they both stopped and looked at me, and I broke the burger patty in half with an audible snap.",original,TODO
no,bring,84,19,"The server started arguing with my wife, ""I made sure the cook knew it had to be rare... the cook was going to leave it on longer but I made him take it off... etc.'' After a minute or so of listening to them argue about whether the burger was well done or rare, I just picked the burger patty up with both hands, they both stopped and looked at me, and I broke the burger patty in half with an audible snap.",1,A server had just brought out food.,bring,1,bring,63,"The server started arguing with my wife, ""I made sure the cook knew it had to be rare... the cook was going to leave it on longer but I made him take it off... etc.'' After a minute or so of listening to them argue about whether the burger was well done or rare, I just picked the burger patty up with both hands, they both stopped and looked at me, and I broke the burger patty in half with an audible snap.",original,TODO
no,great,84,20,Server start.,3,The food was great.,enjoy,1,great,63,"The server started arguing with my wife, ""I made sure the cook knew it had to be rare... the cook was going to leave it on longer but I made him take it off... etc.'' After a minute or so of listening to them argue about whether the burger was well done or rare, I just picked the burger patty up with both hands, they both stopped and looked at me, and I broke the burger patty in half with an audible snap.",caveman,TODO
no,come,84,21,"The server started arguing with my wife, ""I made sure the cook knew it had to be rare... the cook was going to leave it on longer but I made him take it off... etc.'' After a minute or so of listening to them argue about whether the burger was well done or rare, I just picked the burger patty up with both hands, they both stopped and looked at me, and I broke the burger patty in half with an audible snap.",2,She came back and asked us about the meal.,ask,1,come,63,"The server started arguing with my wife, ""I made sure the cook knew it had to be rare... the cook was going to leave it on longer but I made him take it off... etc.'' After a minute or so of listening to them argue about whether the burger was well done or rare, I just picked the burger patty up with both hands, they both stopped and looked at me, and I broke the burger patty in half with an audible snap.",original,TODO
no,work,84,23,Server start.,3,We then worked on eating the food.,eat,1,work,63,"The server started arguing with my wife, ""I made sure the cook knew it had to be rare... the cook was going to leave it on longer but I made him take it off... etc.'' After a minute or so of listening to them argue about whether the burger was well done or rare, I just picked the burger patty up with both hands, they both stopped and looked at me, and I broke the burger patty in half with an audible snap.",event_only,TODO
no,go,18,2,Waiter say.,6,We went to the restaurant.,go,0,travel,271,"The waiter said nothing the rest of the evening about us having to leave early, but he was clearly peeved.",event_only,TODO
no,have,18,5,Waiter say.,14,A few of our guests had to leave early.,leave,0,have,271,"The waiter said nothing the rest of the evening about us having to leave early, but he was clearly peeved.",event_only,TODO
no,remain,18,7,Waiter say.,2,We remained in the restaurant to leave a tip.,remain,0,stay,271,"The waiter said nothing the rest of the evening about us having to leave early, but he was clearly peeved.",event_only,TODO
no,go,18,9,Waiter say.,6,We went to a restaurant with free WiFi.,go,0,travel,271,"The waiter said nothing the rest of the evening about us having to leave early, but he was clearly peeved.",caveman,TODO
no,start,18,12,Waiter say.,16,We started another conversation while we ate.,talk,0,get_down,271,"The waiter said nothing the rest of the evening about us having to leave early, but he was clearly peeved.",caveman,TODO
no,finish,18,14,Waiter say.,6,We finished our meal and waited for the bill.,finish,0,complete,271,"The waiter said nothing the rest of the evening about us having to leave early, but he was clearly peeved.",event_only,TODO
no,tip,18,15,Waiter say.,13,How much should i tip,tip,0,tip,271,"The waiter said nothing the rest of the evening about us having to leave early, but he was clearly peeved.",caveman,TODO
yes,have,18,17,Waiter say.,9,We had rude service.,have,0,have,271,"The waiter said nothing the rest of the evening about us having to leave early, but he was clearly peeved.",caveman,TODO
yes,douche,18,18,"The waiter said nothing the rest of the evening about us having to leave early, but he was clearly peeved.",12,The annoying waiter was a real douche.,rude,0,douche,271,"The waiter said nothing the rest of the evening about us having to leave early, but he was clearly peeved.",original,TODO
yes,awful,18,19,"The waiter said nothing the rest of the evening about us having to leave early, but he was clearly peeved.",2,Our waiter was totally awful. ,rude,0,atrocious,271,"The waiter said nothing the rest of the evening about us having to leave early, but he was clearly peeved.",original,TODO
yes,horrible,18,20,Waiter say.,9,The service was horrible,horrible,0,atrocious,271,"The waiter said nothing the rest of the evening about us having to leave early, but he was clearly peeved.",caveman,TODO
no,stay,18,21,"The waiter said nothing the rest of the evening about us having to leave early, but he was clearly peeved.",5,We stayed at the table longer than normal and I tipped more than I should have.,stay,0,stay,271,"The waiter said nothing the rest of the evening about us having to leave early, but he was clearly peeved.",original,TODO
no,keep,18,24,"The waiter said nothing the rest of the evening about us having to leave early, but he was clearly peeved.",2,Our waiter kept trying to rush us to finish our meals.,rush,0,keep,271,"The waiter said nothing the rest of the evening about us having to leave early, but he was clearly peeved.",original,TODO
no,want,40,2,Waitress offer.,14,I wanted to get ice cream.,want,0,desire,86,"The waitress offered to refill my mother and brother's glasses, but she never asked if I needed one.",event_only,TODO
no,happy,40,5,Waitress offer.,6,None of us are happy with the service we have received ,happy,0,happy,86,"The waitress offered to refill my mother and brother's glasses, but she never asked if I needed one.",event_only,TODO
no,have,40,7,Waitress offer.,9,I have money.,have,0,have,86,"The waitress offered to refill my mother and brother's glasses, but she never asked if I needed one.",event_only,TODO
no,keep,40,8,"The waitress offered to refill my mother and brother's glasses, but she never asked if I needed one.",5,I kept waiting but it took awhile to get the waiter's attention.,wait,0,keep,86,"The waitress offered to refill my mother and brother's glasses, but she never asked if I needed one.",original,TODO
no,get,40,9,Waitress offer.,2,Did you get an acceptance letter yet?,acceptance,0,get,86,"The waitress offered to refill my mother and brother's glasses, but she never asked if I needed one.",caveman,TODO
no,like,40,11,Waitress offer.,9,I like.,like,0,wish,86,"The waitress offered to refill my mother and brother's glasses, but she never asked if I needed one.",caveman,TODO
no,feel,40,12,Waitress offer.,3,"I have never felt so lively, today was a wonderful day.",feel,0,feel,86,"The waitress offered to refill my mother and brother's glasses, but she never asked if I needed one.",caveman,TODO
no,have,40,13,Waitress offer.,12,Do have any batteries left?,have,0,have,86,"The waitress offered to refill my mother and brother's glasses, but she never asked if I needed one.",caveman,TODO
no,ask,40,14,Waitress offer.,12,Our waiter asked if we'd been here before.,ask,0,ask,86,"The waitress offered to refill my mother and brother's glasses, but she never asked if I needed one.",event_only,TODO
no,give,40,16,Waitress offer.,3,He gives.,give,0,give,86,"The waitress offered to refill my mother and brother's glasses, but she never asked if I needed one.",caveman,TODO
no,hear,40,18,"The waitress offered to refill my mother and brother's glasses, but she never asked if I needed one.",10,The waitress either can't hear or doesn't pay attention.,hear,0,hear,86,"The waitress offered to refill my mother and brother's glasses, but she never asked if I needed one.",original,TODO
yes,attentive,40,24,"The waitress offered to refill my mother and brother's glasses, but she never asked if I needed one.",6,My waitress wasn't very attentive.,attentive,0,attentive,86,"The waitress offered to refill my mother and brother's glasses, but she never asked if I needed one.",original,TODO
no,ask,102,9,We start on way.,3,I asked to speak to a manager.,ask,7,ask,151,We started on our way out of the restaurant.,caveman,TODO
no,salad,102,11,We start on way.,6,Salad back.,salad,7,salad,151,We started on our way out of the restaurant.,caveman,TODO
no,reply,102,15,We start on way.,16,How should i reply,reply,7,answer,151,We started on our way out of the restaurant.,caveman,TODO
yes,get,102,18,We started on our way out of the restaurant.,16,We got up and began to walk out of the restaurant.,leave,7,get,151,We started on our way out of the restaurant.,original,TODO
yes,begin,102,19,We started on our way out of the restaurant.,6,We began leaving the restaurant.,leave,7,get_down,151,We started on our way out of the restaurant.,original,TODO
no,ask,102,20,We start on way.,5,I asked for the manager.,ask,7,ask,151,We started on our way out of the restaurant.,caveman,TODO
yes,get,102,24,We started on our way out of the restaurant.,4,We got up and headed for the door.,leave,7,get,151,We started on our way out of the restaurant.,original,TODO
yes,we,133,8,"We waited some more, but only until we could snag our waiter, who was now quite a bit busier, since nearly an hour had passed and many more people had come in.",16,We were all sitting there impatiently and upset that our food has not arrived.,wait,0,we,191,"We waited some more, but only until we could snag our waiter, who was now quite a bit busier, since nearly an hour had passed and many more people had come in.",original,yes
no,want,133,9,We wait.,10,We wanted to win.,want,0,desire,191,"We waited some more, but only until we could snag our waiter, who was now quite a bit busier, since nearly an hour had passed and many more people had come in.",caveman,TODO
no,seem,133,10,We wait.,10,Things did not seem clear.,seem,0,look,191,"We waited some more, but only until we could snag our waiter, who was now quite a bit busier, since nearly an hour had passed and many more people had come in.",event_only,TODO
yes,wait,133,19,"We waited some more, but only until we could snag our waiter, who was now quite a bit busier, since nearly an hour had passed and many more people had come in.",14,We'd been waiting for food for nearly forty minutes,wait,0,wait,191,"We waited some more, but only until we could snag our waiter, who was now quite a bit busier, since nearly an hour had passed and many more people had come in.",original,TODO
no,hard,133,21,"We waited some more, but only until we could snag our waiter, who was now quite a bit busier, since nearly an hour had passed and many more people had come in.",13,It was hard to believe that they already had their food.,think,0,difficult,191,"We waited some more, but only until we could snag our waiter, who was now quite a bit busier, since nearly an hour had passed and many more people had come in.",original,TODO
no,throw,11,1,We be.,3,The boy threw his fork across the dining room. ,throw,3,throw,191,"We were out of things for him to do other than sing ""Old MacDonald'' to him, which probably wouldn't have gone over too well with the other patrons.",caveman,no
no,give,11,2,We be.,4,We gave our son a gift for behaving.,give,3,give,191,"We were out of things for him to do other than sing ""Old MacDonald'' to him, which probably wouldn't have gone over too well with the other patrons.",event_only,TODO
yes,want,11,4,"We were out of things for him to do other than sing ""Old MacDonald'' to him, which probably wouldn't have gone over too well with the other patrons.",15,We didn't want him to disturb other diners.,want,3,desire,191,"We were out of things for him to do other than sing ""Old MacDonald'' to him, which probably wouldn't have gone over too well with the other patrons.",original,TODO
no,ask,11,6,We be.,1,"He asked his son a question, his son answered with a joke and then the parent told the son to behave, and realized that they blamed the son, even though he was kidding.",ask,3,ask,191,"We were out of things for him to do other than sing ""Old MacDonald'' to him, which probably wouldn't have gone over too well with the other patrons.",event_only,TODO
no,Son,11,11,We be.,4,Son bad.,bad,3,son,191,"We were out of things for him to do other than sing ""Old MacDonald'' to him, which probably wouldn't have gone over too well with the other patrons.",caveman,TODO
no,tell,11,12,We be.,17,I told my son not to do that again.,tell,3,state,191,"We were out of things for him to do other than sing ""Old MacDonald'' to him, which probably wouldn't have gone over too well with the other patrons.",caveman,TODO
no,tell,11,14,We be.,3,I told my son to sit down or else we'd leave.,tell,3,state,191,"We were out of things for him to do other than sing ""Old MacDonald'' to him, which probably wouldn't have gone over too well with the other patrons.",event_only,TODO
no,misbehave,11,16,We be.,1,Son misbehave.,misbehave,3,misbehave,191,"We were out of things for him to do other than sing ""Old MacDonald'' to him, which probably wouldn't have gone over too well with the other patrons.",caveman,TODO
no,begin,11,20,We be.,12,My son began to throw a tantrum,misbehave,3,get_down,191,"We were out of things for him to do other than sing ""Old MacDonald'' to him, which probably wouldn't have gone over too well with the other patrons.",caveman,TODO
no,undercooked,41,1,We seat.,13,"My steak was slightly undercooked, which I told her when she came back to check in on us. ",undercooked,2,undercooked,120,"We'd been seated at a booth, but I sat on a regular chair on the outside of the table -- yes, my crazy bubble rules apply to even family members --.",caveman,TODO
no,finish,41,2,We seat.,11,We finish eating.,finish,2,complete,120,"We'd been seated at a booth, but I sat on a regular chair on the outside of the table -- yes, my crazy bubble rules apply to even family members --.",event_only,TODO
no,like,41,4,"We'd been seated at a booth, but I sat on a regular chair on the outside of the table -- yes, my crazy bubble rules apply to even family members --.",5,We don't like to cause a fuss.,like,2,wish,120,"We'd been seated at a booth, but I sat on a regular chair on the outside of the table -- yes, my crazy bubble rules apply to even family members --.",original,TODO
no,few,41,5,We seat.,15,A few of has that had been there before made suggestions. ,suggest,2,few,120,"We'd been seated at a booth, but I sat on a regular chair on the outside of the table -- yes, my crazy bubble rules apply to even family members --.",event_only,TODO
no,need,41,17,We seat.,3,I need to ask for another item.,ask,2,necessitate,120,"We'd been seated at a booth, but I sat on a regular chair on the outside of the table -- yes, my crazy bubble rules apply to even family members --.",caveman,TODO
yes,sit,41,23,We seat.,13,We sat down.,sit,2,sit,120,"We'd been seated at a booth, but I sat on a regular chair on the outside of the table -- yes, my crazy bubble rules apply to even family members --.",event_only,TODO
no,ask,41,2,We people.,13,We ask for a table. ,ask,1,ask,243,"We're amicable people, and enjoy small-talk with waiters... well, my mum and sister do, I'm hard of hearing so I'm generally quiet.",event_only,TODO
no,request,41,5,We people.,7,We were escorted back to the booth we requested. ,escorted,1,request,243,"We're amicable people, and enjoy small-talk with waiters... well, my mum and sister do, I'm hard of hearing so I'm generally quiet.",event_only,TODO
no,hungry,41,10,We people.,14,We were very hungry,hungry,1,hungry,243,"We're amicable people, and enjoy small-talk with waiters... well, my mum and sister do, I'm hard of hearing so I'm generally quiet.",event_only,TODO
no,eat,41,11,We people.,16,We eat.,eat,1,eat,243,"We're amicable people, and enjoy small-talk with waiters... well, my mum and sister do, I'm hard of hearing so I'm generally quiet.",caveman,TODO
no,talk,41,12,We people.,11,We talk while we walk towards the table.,talk,1,talk,243,"We're amicable people, and enjoy small-talk with waiters... well, my mum and sister do, I'm hard of hearing so I'm generally quiet.",caveman,TODO
no,warm,41,13,We people.,9,The atmosphere was warm and welcoming.,warm,1,warm,243,"We're amicable people, and enjoy small-talk with waiters... well, my mum and sister do, I'm hard of hearing so I'm generally quiet.",caveman,TODO
no,ask,41,14,We people.,9,We asked for a table for two.,ask,1,ask,243,"We're amicable people, and enjoy small-talk with waiters... well, my mum and sister do, I'm hard of hearing so I'm generally quiet.",event_only,TODO
no,love,41,18,"We're amicable people, and enjoy small-talk with waiters... well, my mum and sister do, I'm hard of hearing so I'm generally quiet.",9,We love this restaurant.,enjoy,1,love,243,"We're amicable people, and enjoy small-talk with waiters... well, my mum and sister do, I'm hard of hearing so I'm generally quiet.",original,TODO
no,enter,41,22,We people.,8,We enter.,arrive,1,enter,243,"We're amicable people, and enjoy small-talk with waiters... well, my mum and sister do, I'm hard of hearing so I'm generally quiet.",caveman,TODO
no,seem,41,24,"We're amicable people, and enjoy small-talk with waiters... well, my mum and sister do, I'm hard of hearing so I'm generally quiet.",10,The restaurant seemed loud with all the people talking.,seem,1,look,243,"We're amicable people, and enjoy small-talk with waiters... well, my mum and sister do, I'm hard of hearing so I'm generally quiet.",original,TODO
no,offer,86,4,"When it came time to pay she brings our ticket and explains that she rang us up for the pecan pie I had ordered as it was less expensive and what I wanted in the first place, but we noticed that she charged us for our friend's Taco Salad.",14,She offered us apple pie instead.,offer,1,offer,248,"When it came time to pay she brings our ticket and explains that she rang us up for the pecan pie I had ordered as it was less expensive and what I wanted in the first place, but we noticed that she charged us for our friend's Taco Salad.",original,TODO
no,feel,86,5,I order.,12,We all felt that we had ordered enough food for the whole group,feel,1,feel,248,"When it came time to pay she brings our ticket and explains that she rang us up for the pecan pie I had ordered as it was less expensive and what I wanted in the first place, but we noticed that she charged us for our friend's Taco Salad.",event_only,TODO
no,busy,86,9,I order.,15,The restaurant is very busy.,busy,1,busy,248,"When it came time to pay she brings our ticket and explains that she rang us up for the pecan pie I had ordered as it was less expensive and what I wanted in the first place, but we noticed that she charged us for our friend's Taco Salad.",caveman,TODO
no,go,86,10,I order.,3,Something went terribly wrong,wrong,1,travel,248,"When it came time to pay she brings our ticket and explains that she rang us up for the pecan pie I had ordered as it was less expensive and what I wanted in the first place, but we noticed that she charged us for our friend's Taco Salad.",event_only,TODO
no,order,86,11,I order.,7,They order.,order,1,order,248,"When it came time to pay she brings our ticket and explains that she rang us up for the pecan pie I had ordered as it was less expensive and what I wanted in the first place, but we noticed that she charged us for our friend's Taco Salad.",caveman,TODO
no,hurry,86,13,I order.,7,We were in a hurry.,hurry,1,hurry,248,"When it came time to pay she brings our ticket and explains that she rang us up for the pecan pie I had ordered as it was less expensive and what I wanted in the first place, but we noticed that she charged us for our friend's Taco Salad.",caveman,TODO
no,wait,86,16,I order.,6,I wait.,wait,1,wait,248,"When it came time to pay she brings our ticket and explains that she rang us up for the pecan pie I had ordered as it was less expensive and what I wanted in the first place, but we noticed that she charged us for our friend's Taco Salad.",caveman,TODO
no,offer,86,19,"When it came time to pay she brings our ticket and explains that she rang us up for the pecan pie I had ordered as it was less expensive and what I wanted in the first place, but we noticed that she charged us for our friend's Taco Salad.",15,They offered to make me a fresh new pie. ,offer,1,offer,248,"When it came time to pay she brings our ticket and explains that she rang us up for the pecan pie I had ordered as it was less expensive and what I wanted in the first place, but we noticed that she charged us for our friend's Taco Salad.",original,TODO
no,order,86,23,I order.,9,Other people order their food.,order,1,order,248,"When it came time to pay she brings our ticket and explains that she rang us up for the pecan pie I had ordered as it was less expensive and what I wanted in the first place, but we noticed that she charged us for our friend's Taco Salad.",event_only,TODO
