"workerid","document","chain","clozeIndex","original","gloss","response","condition","trialnum"
"1","063","84",1,"The server started arguing with my wife, ""I made sure the cook knew it had to be rare... the cook was going to leave it on longer but I made him take it off... etc.'' After a minute or so of listening to them argue about whether the burger was well done or rare, I just picked the burger patty up with both hands, they both stopped and looked at me, and I broke the burger patty in half with an audible snap.","Server start.","The waiter came to the table. ","caveman",1
"1","243","21",0,"After perusing our menus, the waitress came over to take our order.","Waitress come.","How often do people find bugs in their food?","caveman",2
"1","191","11",3,"We were out of things for him to do other than sing ""Old MacDonald'' to him, which probably wouldn't have gone over too well with the other patrons.","We be.","The boy threw his fork across the dining room. ","caveman",3
"1","177","168",0,"My husband and I decided to just order a couple of sodas and desserts as we had a big breakfast earlier in the day and we explained to the waitress that our two orders would be on a separate ticket which seemed to confuse her.","Husband decide.","I forgot my wallet at home, and could not pay for my food. ","caveman",4
"1","196","68",3,"He put the box and the scale down on their table, and proceeded to pull raw steaks out of the box.","He put on table.","The couple refused to pay for their meals, and made quite the scene. ","caveman",5
"1","086","40",1,"I always had to speak up and try to get her attention for a refill.","I have.","I found a bug in my food, and wanted a free meal. ","caveman",6
"1","022","78",0,"As I said, we did not allow it to tarnish our evening.","We not allow.","The food at this place is delicious. ","caveman",7
"1","025","47",1,"At that point he also mentioned that the boss likes to sit at the booth I asked to sit in and that's why I couldn't sit there.","He mention.","I needed a refill. ","caveman",8
"1","151","62",0,"At this point I'm just sticking around to watch the show.","I stick.","The salad bar was completely empty. ","caveman",9
"1","153","22",1,"It was a good thing that they didn't prepare my meal before giving me the price!","It thing.","The waiter came to the table at last. ","caveman",10
"1","248","86",0,"After we ordered the waitress came back and apologized saying they were out of the pecan pie I had ordered.","I order.","We waited forever to be seated. ","caveman",11
"1","050","110",3,"I wonder, however, what we could have done differently to avoid his attitude.","I wonder.","My wife refused to cook me anymore meals, stating that she was too busy. ","caveman",12
"1","120","41",2,"We'd been seated at a booth, but I sat on a regular chair on the outside of the table -- yes, my crazy bubble rules apply to even family members --.","We seat.","My steak was slightly undercooked, which I told her when she came back to check in on us. ","caveman",13
"1","271","18",2,"I usually tip well, but I gave the waiter 12%, which actually was too much.","I tip.","The food was overcooked and not good. ","caveman",14
"1","033","76",1,"At this point, she finally decides to get off the phone and gets huffy with the waitress about the ""defective teabag'' and how she needs to place her order ""right now because she's in a hurry.''","She decide.","The dishes crashed to the floor. ","caveman",15
"1","023","88",5,"He told them they were no longer welcome.","He tell.","The desert at the other table looked appetizing. ","caveman",16
"1","171","29",1,"It was also pouring with rain outside and the restaurant was very busy with only about two tables free.","It pour with rain.","It happened on a weekend. ","caveman",17
"2","063","84",0,"A few seconds later the server came to check on us and asked how our food was.","Seconds come.","All I can see is blurred words and 'server start' written over them?","event_only",1
"2","050","110",2,"I refused but also declined to tip the culprit.","I refuse.","My wife finally retired now she washes lots of dishes.","event_only",2
"2","171","58",0,"It's freezing this time of year so I didn't want to sit near the door.","It freezing.","When the waiter brought our food he pointed something out to me.","event_only",3
"2","191","11",3,"We were out of things for him to do other than sing ""Old MacDonald'' to him, which probably wouldn't have gone over too well with the other patrons.","We be.","We gave our son a gift for behaving.","event_only",4
"2","022","48",1,"In reality this ""judge'' was trying to hide his martini on the floor.","Judge try.","I am now the manager at work/","event_only",5
"2","271","18",0,"The waiter said nothing the rest of the evening about us having to leave early, but he was clearly peeved.","Waiter say.","We went to the restaurant.","event_only",6
"2","196","68",5,"He then would throw that steak on the table, get another one out of the box, throw it on the scale, and again, exclaim:  ""10 ounces!''","He throw.","I did not give in/","event_only",7
"2","151","62",0,"At this point I'm just sticking around to watch the show.","I stick.","I needed to sneeze.","event_only",8
"2","025","10",1,"It's freezing this time of year so I didn't want to sit near the door.","It freezing.","So it will be.","event_only",9
"2","177","20",1,"A couple of months ago my husband and I were out running errands and decide to meet up with some friends at a local ""Mom & Pop'' restaurant.","Couple run.","My friend came over.","event_only",10
"2","120","41",2,"We'd been seated at a booth, but I sat on a regular chair on the outside of the table -- yes, my crazy bubble rules apply to even family members --.","We seat.","We finish eating.","event_only",11
"2","033","76",0,"Of course, she breaks the teabag inside.","She break.","I asked what she wanted.","event_only",12
"2","243","41",1,"We're amicable people, and enjoy small-talk with waiters... well, my mum and sister do, I'm hard of hearing so I'm generally quiet.","We people.","We ask for a table. ","event_only",13
"2","086","40",0,"The waitress offered to refill my mother and brother's glasses, but she never asked if I needed one.","Waitress offer.","I wanted to get ice cream.","event_only",14
"2","248","86",0,"After we ordered the waitress came back and apologized saying they were out of the pecan pie I had ordered.","I order.","We sit down.","event_only",15
"2","023","88",1,"I interrupted her stating, ""I will go get my manager,'' and walked away.","I interrupt.","I decide what to do.","event_only",16
"2","153","22",1,"It was a good thing that they didn't prepare my meal before giving me the price!","It thing.","I eat and it is good.","event_only",17
"3","025","10",0,"It was off to a bad start as soon as I walked in the door.","It be.","The air conditioning was too strong.","caveman",1
"3","196","68",5,"He then would throw that steak on the table, get another one out of the box, throw it on the scale, and again, exclaim:  ""10 ounces!''","He throw.","The people left without paying.","caveman",2
"3","191","11",4,"Our son was now behaving the way you would expect an 18-month-old to behave after sitting in a high chair for nearly an hour watching other people eat.","Son behave.","It wasn't the restaurant's fault, though.","caveman",3
"3","086","40",1,"I always had to speak up and try to get her attention for a refill.","I have.","We decided to order the special.","caveman",4
"3","271","18",2,"I usually tip well, but I gave the waiter 12%, which actually was too much.","I tip.","The staff were very rude.","caveman",5
"3","171","29",1,"It was also pouring with rain outside and the restaurant was very busy with only about two tables free.","It pour with rain.","We still had a good time, though.","caveman",6
"3","177","168",0,"My husband and I decided to just order a couple of sodas and desserts as we had a big breakfast earlier in the day and we explained to the waitress that our two orders would be on a separate ticket which seemed to confuse her.","Husband decide.","The waiter spilled my drink on me.","caveman",7
"3","153","22",0,"I ordered a fairly simple meal, and it was only when I opened my wallet that I suddenly realised I had forgotten to go to the bank.","I order.","Our meal was great.","caveman",8
"3","243","21",0,"After perusing our menus, the waitress came over to take our order.","Waitress come.","We didn't know what some of the dishes were.","caveman",9
"3","248","86",0,"After we ordered the waitress came back and apologized saying they were out of the pecan pie I had ordered.","I order.","It took a long time for us to be seated.","caveman",10
"3","022","78",1,"If anyone should know better, you'd think it was him, except for his sense of entitlement.","You think.","It was very frustrating.","caveman",11
"3","120","41",0,"The food was good, the service was good, we had a fun time.","Food good.","We arrived early.","caveman",12
"3","063","84",1,"The server started arguing with my wife, ""I made sure the cook knew it had to be rare... the cook was going to leave it on longer but I made him take it off... etc.'' After a minute or so of listening to them argue about whether the burger was well done or rare, I just picked the burger patty up with both hands, they both stopped and looked at me, and I broke the burger patty in half with an audible snap.","Server start.","The service was very fast.","caveman",13
"3","151","62",0,"At this point I'm just sticking around to watch the show.","I stick.","Something didn't look right on the plate.","caveman",14
"3","050","110",2,"I refused but also declined to tip the culprit.","I refuse.","It seemed like the food had been reheated.","caveman",15
"3","033","76",0,"Of course, she breaks the teabag inside.","She break.","There were a lot of options to choose from.","caveman",16
"3","023","88",1,"I interrupted her stating, ""I will go get my manager,'' and walked away.","I interrupt.","He explained it to me, though.","caveman",17
"4","196","68",3,"He put the box and the scale down on their table, and proceeded to pull raw steaks out of the box.","He put the box and the scale down on their table, and proceeded to pull raw steaks out of the box.","When the man didn't believe him, the manager stormed into the kitchen and produced a book from the fridge.","original",1
"4","177","168",2,"I was so embarrassed by the spectacle she made us into that I just wanted to leave.","I was so embarrassed by the spectacle she made us into that I just wanted to leave.","She accused us of being cheap so loudly everyone in the restaurant stared at her, and then us.","original",2
"4","023","88",5,"He told them they were no longer welcome.","He told them they were no longer welcome.","The customer asked why I couldn't take more money off the bill.","original",3
"4","171","29",0,"It happened on a bank holiday and I was not at work that day.","It happened on a bank holiday and I was not at work that day.","It was a Friday, so the restaurant was full.","original",4
"4","120","41",2,"We'd been seated at a booth, but I sat on a regular chair on the outside of the table -- yes, my crazy bubble rules apply to even family members --.","We'd been seated at a booth, but I sat on a regular chair on the outside of the table -- yes, my crazy bubble rules apply to even family members --.","We don't like to cause a fuss.","original",5
"4","025","10",1,"It's freezing this time of year so I didn't want to sit near the door.","It's freezing this time of year so I didn't want to sit near the door.","The restaurant was busy and we had to wait to be seated.","original",6
"4","086","40",1,"I always had to speak up and try to get her attention for a refill.","I always had to speak up and try to get her attention for a refill.","I thought she was very rude.","original",7
"4","153","22",1,"It was a good thing that they didn't prepare my meal before giving me the price!","It was a good thing that they didn't prepare my meal before giving me the price!","I was so embarrassed.","original",8
"4","033","76",1,"At this point, she finally decides to get off the phone and gets huffy with the waitress about the ""defective teabag'' and how she needs to place her order ""right now because she's in a hurry.''","At this point, she finally decides to get off the phone and gets huffy with the waitress about the ""defective teabag'' and how she needs to place her order ""right now because she's in a hurry.''","Loose tea leaves poured out everywhere.","original",9
"4","063","84",0,"A few seconds later the server came to check on us and asked how our food was.","A few seconds later the server came to check on us and asked how our food was.","My wife complained that her steak was overdone.","original",10
"4","050","110",3,"I wonder, however, what we could have done differently to avoid his attitude.","I wonder, however, what we could have done differently to avoid his attitude.","He wasn't getting a penny more from me.","original",11
"4","271","18",2,"I usually tip well, but I gave the waiter 12%, which actually was too much.","I usually tip well, but I gave the waiter 12%, which actually was too much.","He wanted us to leave but we weren't going anywhere.","original",12
"4","022","48",1,"In reality this ""judge'' was trying to hide his martini on the floor.","In reality this ""judge'' was trying to hide his martini on the floor.","I strongly suspected the customer was a drunk.","original",13
"4","248","86",1,"When it came time to pay she brings our ticket and explains that she rang us up for the pecan pie I had ordered as it was less expensive and what I wanted in the first place, but we noticed that she charged us for our friend's Taco Salad.","When it came time to pay she brings our ticket and explains that she rang us up for the pecan pie I had ordered as it was less expensive and what I wanted in the first place, but we noticed that she charged us for our friend's Taco Salad.","She offered us apple pie instead.","original",14
"4","191","11",3,"We were out of things for him to do other than sing ""Old MacDonald'' to him, which probably wouldn't have gone over too well with the other patrons.","We were out of things for him to do other than sing ""Old MacDonald'' to him, which probably wouldn't have gone over too well with the other patrons.","We didn't want him to disturb other diners.","original",15
"4","243","41",0,"The food was good, the service was good, we had a fun time.","The food was good, the service was good, we had a fun time.","We went to our regular restaurant on Friday night.","original",16
"4","151","62",0,"At this point I'm just sticking around to watch the show.","At this point I'm just sticking around to watch the show.","I ordered a salad, and noticed there was something wrong.","original",17
"5","022","78",1,"If anyone should know better, you'd think it was him, except for his sense of entitlement.","You think.","we order appetizers ","event_only",1
"5","196","68",5,"He then would throw that steak on the table, get another one out of the box, throw it on the scale, and again, exclaim:  ""10 ounces!''","He throw.","The point was that we wanted it made our way ","event_only",2
"5","063","84",0,"A few seconds later the server came to check on us and asked how our food was.","Seconds come.","Despite that we went ahead with our order ","event_only",3
"5","025","10",0,"It was off to a bad start as soon as I walked in the door.","It be.","Putting our best judgement aside we decided to stay ","event_only",4
"5","191","11",4,"Our son was now behaving the way you would expect an 18-month-old to behave after sitting in a high chair for nearly an hour watching other people eat.","Son behave.","Please get the manager ","event_only",5
"5","086","40",0,"The waitress offered to refill my mother and brother's glasses, but she never asked if I needed one.","Waitress offer.","None of us are happy with the service we have received ","event_only",6
"5","243","41",1,"We're amicable people, and enjoy small-talk with waiters... well, my mum and sister do, I'm hard of hearing so I'm generally quiet.","We people.","We were escorted back to the booth we requested. ","event_only",7
"5","033","76",1,"At this point, she finally decides to get off the phone and gets huffy with the waitress about the ""defective teabag'' and how she needs to place her order ""right now because she's in a hurry.''","She decide.","We were interested in hearing about the specials. ","event_only",8
"5","151","102",5,"The salads with the dinners were delivered before the appetizer we ordered.","Salad deliver.","He asked if we would like to order anything else ","event_only",9
"5","023","88",1,"I interrupted her stating, ""I will go get my manager,'' and walked away.","I interrupt.","The group decided to meet around 8pm. ","event_only",10
"5","177","20",1,"A couple of months ago my husband and I were out running errands and decide to meet up with some friends at a local ""Mom & Pop'' restaurant.","Couple run.","We were the first ones to show up ","event_only",11
"5","248","86",1,"When it came time to pay she brings our ticket and explains that she rang us up for the pecan pie I had ordered as it was less expensive and what I wanted in the first place, but we noticed that she charged us for our friend's Taco Salad.","I order.","We all felt that we had ordered enough food for the whole group","event_only",12
"5","050","110",1,"The dish was not hot and barely palatable; I believe he deliberately left it sitting before he brought it out as there were not enough other customers for the kitchen to be backed up.","Dish hot.","She decided to think it over before signing. ","event_only",13
"5","271","18",0,"The waiter said nothing the rest of the evening about us having to leave early, but he was clearly peeved.","Waiter say.","A few of our guests had to leave early.","event_only",14
"5","120","41",2,"We'd been seated at a booth, but I sat on a regular chair on the outside of the table -- yes, my crazy bubble rules apply to even family members --.","We seat.","A few of has that had been there before made suggestions. ","event_only",15
"5","153","22",0,"I ordered a fairly simple meal, and it was only when I opened my wallet that I suddenly realised I had forgotten to go to the bank.","I order.","We all look forward to getting together. ","event_only",16
"5","171","29",0,"It happened on a bank holiday and I was not at work that day.","It happen.","The waitress brough a pitcher out from the bar. ","event_only",17
"6","191","11",3,"We were out of things for him to do other than sing ""Old MacDonald'' to him, which probably wouldn't have gone over too well with the other patrons.","We be.","He asked his son a question, his son answered with a joke and then the parent told the son to behave, and realized that they blamed the son, even though he was kidding.","event_only",1
"6","151","102",5,"The salads with the dinners were delivered before the appetizer we ordered.","Salad deliver.","They had a negative experience at a restaurant, which they informed the manager of.","event_only",2
"6","086","40",1,"I always had to speak up and try to get her attention for a refill.","I have.","The waitress offered them something while they were seated.","event_only",3
"6","271","18",2,"I usually tip well, but I gave the waiter 12%, which actually was too much.","I tip.","They were going to leave, but the waiter offered them an incentive to stay, so they did.","event_only",4
"6","248","86",0,"After we ordered the waitress came back and apologized saying they were out of the pecan pie I had ordered.","I order.","They placed an order and had to wait for what they felt was an unreasonable amount of time.","event_only",5
"6","171","29",1,"It was also pouring with rain outside and the restaurant was very busy with only about two tables free.","It pour.","Something they were anticipating, but weren't positive would happen, did.","event_only",6
"6","120","125",1,"He was standing next to me, but I did my best to concentrate on my soda and be polite.","He stand.","A child went with their parent to an auction, talked to his mother about what she wanted and then he placed a bid for her.","event_only",7
"6","196","68",3,"He put the box and the scale down on their table, and proceeded to pull raw steaks out of the box.","He put.","Someone threw something, which made the manager yell, and then the manager to explain what happened and assure a couple to stay.","event_only",8
"6","025","10",0,"It was off to a bad start as soon as I walked in the door.","It be.","The person had to commute outdoors in very cold weather.","event_only",9
"6","050","110",1,"The dish was not hot and barely palatable; I believe he deliberately left it sitting before he brought it out as there were not enough other customers for the kitchen to be backed up.","Dish hot.","The person's wife retired, but he refused to and wondered why his wife chose to.","event_only",10
"6","033","76",0,"Of course, she breaks the teabag inside.","She break.","She decided to break up with someone.","event_only",11
"6","023","88",4,"He told her and her husband that he didn't appreciate their rude treatment of his staff, which happened every time they came in.","He tell.","There was an argument between a couple.","event_only",12
"6","177","168",0,"My husband and I decided to just order a couple of sodas and desserts as we had a big breakfast earlier in the day and we explained to the waitress that our two orders would be on a separate ticket which seemed to confuse her.","Husband decide.","Someone did something embarrassing in public.","event_only",13
"6","063","84",1,"The server started arguing with my wife, ""I made sure the cook knew it had to be rare... the cook was going to leave it on longer but I made him take it off... etc.'' After a minute or so of listening to them argue about whether the burger was well done or rare, I just picked the burger patty up with both hands, they both stopped and looked at me, and I broke the burger patty in half with an audible snap.","Server start.","Someone was impatient and wanted to the time to pass quickly.","event_only",14
"6","022","78",1,"If anyone should know better, you'd think it was him, except for his sense of entitlement.","You think.","Someone was explaining what human beings, in general, allow others to do to them.","event_only",15
"6","153","22",1,"It was a good thing that they didn't prepare my meal before giving me the price!","It thing.","Someone was placing an order at a restaurant.","event_only",16
"6","243","21",0,"After perusing our menus, the waitress came over to take our order.","Waitress come.","Someone made a special request at a restaurant that the waitress had to check up on.","event_only",17
"7","171","29",0,"It happened on a bank holiday and I was not at work that day.","It happen.","It poured rain.","event_only",1
"7","271","18",0,"The waiter said nothing the rest of the evening about us having to leave early, but he was clearly peeved.","Waiter say.","We remained in the restaurant to leave a tip.","event_only",2
"7","025","47",1,"At that point he also mentioned that the boss likes to sit at the booth I asked to sit in and that's why I couldn't sit there.","He mention.","The waiter comes quickly.","event_only",3
"7","025","47",1,"At that point he also mentioned that the boss likes to sit at the booth I asked to sit in and that's why I couldn't sit there.","He mention.","The waiter comes quickly.","event_only",3
"7","025","47",1,"At that point he also mentioned that the boss likes to sit at the booth I asked to sit in and that's why I couldn't sit there.","He mention.","Waiter come quick.","event_only",3
"7","120","125",1,"He was standing next to me, but I did my best to concentrate on my soda and be polite.","He stand.","The mum conversed with her friend.","event_only",4
"7","191","11",4,"Our son was now behaving the way you would expect an 18-month-old to behave after sitting in a high chair for nearly an hour watching other people eat.","Son behave.","We blame the criminals.","event_only",5
"7","243","21",0,"After perusing our menus, the waitress came over to take our order.","Waitress come.","Waitress looked at him.","event_only",6
"7","022","48",1,"In reality this ""judge'' was trying to hide his martini on the floor.","Judge try.","I am the manager.","event_only",7
"7","033","76",0,"Of course, she breaks the teabag inside.","She break.","She decide who wins.","event_only",8
"7","086","40",0,"The waitress offered to refill my mother and brother's glasses, but she never asked if I needed one.","Waitress offer.","I have money.","event_only",9
"7","063","84",0,"A few seconds later the server came to check on us and asked how our food was.","Seconds come.","Server start soon.","event_only",10
"7","196","68",5,"He then would throw that steak on the table, get another one out of the box, throw it on the scale, and again, exclaim:  ""10 ounces!''","He throw.","He put the headphones on.","event_only",11
"7","023","88",5,"He told them they were no longer welcome.","He tell.","I go to the room.","event_only",12
"7","151","102",5,"The salads with the dinners were delivered before the appetizer we ordered.","Salad deliver.","We order two Cokes.","event_only",13
"7","248","86",0,"After we ordered the waitress came back and apologized saying they were out of the pecan pie I had ordered.","I order.","I order a pizza.","event_only",14
"7","050","110",1,"The dish was not hot and barely palatable; I believe he deliberately left it sitting before he brought it out as there were not enough other customers for the kitchen to be backed up.","Dish hot.","I wonder who will win.","event_only",15
"7","177","20",1,"A couple of months ago my husband and I were out running errands and decide to meet up with some friends at a local ""Mom & Pop'' restaurant.","Couple run.","Mother go to bed.","event_only",16
"7","153","22",1,"It was a good thing that they didn't prepare my meal before giving me the price!","It thing.","I order a sandwich.","event_only",17
"8","050","110",3,"I wonder, however, what we could have done differently to avoid his attitude.","I wonder, however, what we could have done differently to avoid his attitude.","We just wanted a nice meal, but instead we have a terrible service.","original",1
"8","243","41",0,"The food was good, the service was good, we had a fun time.","The food was good, the service was good, we had a fun time.","The waiter came and seated us.","original",2
"8","022","78",1,"If anyone should know better, you'd think it was him, except for his sense of entitlement.","If anyone should know better, you'd think it was him, except for his sense of entitlement.","We ended up with a goodnight.","original",3
"8","033","76",0,"Of course, she breaks the teabag inside.","Of course, she breaks the teabag inside.","She has been talking on the phone all night.","original",4
"8","086","40",0,"The waitress offered to refill my mother and brother's glasses, but she never asked if I needed one.","The waitress offered to refill my mother and brother's glasses, but she never asked if I needed one.","I kept waiting but it took awhile to get the waiter's attention.","original",5
"8","063","84",1,"The server started arguing with my wife, ""I made sure the cook knew it had to be rare... the cook was going to leave it on longer but I made him take it off... etc.'' After a minute or so of listening to them argue about whether the burger was well done or rare, I just picked the burger patty up with both hands, they both stopped and looked at me, and I broke the burger patty in half with an audible snap.","The server started arguing with my wife, ""I made sure the cook knew it had to be rare... the cook was going to leave it on longer but I made him take it off... etc.'' After a minute or so of listening to them argue about whether the burger was well done or rare, I just picked the burger patty up with both hands, they both stopped and looked at me, and I broke the burger patty in half with an audible snap.","I have been sitting there eating my food silently.","original",6
"8","153","22",0,"I ordered a fairly simple meal, and it was only when I opened my wallet that I suddenly realised I had forgotten to go to the bank.","I ordered a fairly simple meal, and it was only when I opened my wallet that I suddenly realised I had forgotten to go to the bank.","The price of the menu was absolutely ridiculous.","original",7
"8","025","10",1,"It's freezing this time of year so I didn't want to sit near the door.","It's freezing this time of year so I didn't want to sit near the door.","I can tell by the emptiness of the restaurant that it wouldn't be good.","original",8
"8","151","62",0,"At this point I'm just sticking around to watch the show.","At this point I'm just sticking around to watch the show.","I looked on the table and I noticed a tissue.","original",9
"8","196","68",3,"He put the box and the scale down on their table, and proceeded to pull raw steaks out of the box.","He put the box and the scale down on their table, and proceeded to pull raw steaks out of the box.","The man asked the manager, how do they know for sure they were 10 oz.","original",10
"8","171","29",0,"It happened on a bank holiday and I was not at work that day.","It happened on a bank holiday and I was not at work that day.","I was walking outside and noticed a restaurant.","original",11
"8","120","41",0,"The food was good, the service was good, we had a fun time.","The food was good, the service was good, we had a fun time.","My family has gotten me to go to a restaurant.","original",12
"8","023","88",4,"He told her and her husband that he didn't appreciate their rude treatment of his staff, which happened every time they came in.","He told her and her husband that he didn't appreciate their rude treatment of his staff, which happened every time they came in.","However the customers were still upset.","original",13
"8","177","168",2,"I was so embarrassed by the spectacle she made us into that I just wanted to leave.","I was so embarrassed by the spectacle she made us into that I just wanted to leave.","It may be strange to most people, but we like to keep track of our own food bills.","original",14
"8","248","86",0,"After we ordered the waitress came back and apologized saying they were out of the pecan pie I had ordered.","After we ordered the waitress came back and apologized saying they were out of the pecan pie I had ordered.","I was waving to the waitress that we needed our bill.","original",15
"8","191","133",0,"We waited some more, but only until we could snag our waiter, who was now quite a bit busier, since nearly an hour had passed and many more people had come in.","We waited some more, but only until we could snag our waiter, who was now quite a bit busier, since nearly an hour had passed and many more people had come in.","We were all sitting there impatiently and upset that our food has not arrived.","original",16
"8","271","18",1,"Just to spite him, we remained at our table for nearly 3 hours.","Just to spite him, we remained at our table for nearly 3 hours.","This was the worse experience I ever had a restaurant.","original",17
"9","063","84",0,"A few seconds later the server came to check on us and asked how our food was.","Seconds come.","The web server was turned on.","caveman",1
"9","086","40",0,"The waitress offered to refill my mother and brother's glasses, but she never asked if I needed one.","Waitress offer.","Did you get an acceptance letter yet?","caveman",2
"9","151","102",7,"We started on our way out of the restaurant.","We start on way.","I asked to speak to a manager.","caveman",3
"9","022","48",1,"In reality this ""judge'' was trying to hide his martini on the floor.","Judge try in reality.","I run this place.","caveman",4
"9","243","41",0,"The food was good, the service was good, we had a fun time.","Food good.","We decided which restaurant to go to.","caveman",5
"9","271","18",0,"The waiter said nothing the rest of the evening about us having to leave early, but he was clearly peeved.","Waiter say.","We went to a restaurant with free WiFi.","caveman",6
"9","196","68",6,"The manager shouted after them that they had not paid their bill, and the man shouted back something that I can't repeat on a family site.","Manager shout after they.","He leaves without paying.","caveman",7
"9","023","88",1,"I interrupted her stating, ""I will go get my manager,'' and walked away.","I interrupt.","He explains.","caveman",8
"9","177","20",1,"A couple of months ago my husband and I were out running errands and decide to meet up with some friends at a local ""Mom & Pop'' restaurant.","Couple run.","They go to a restaurant.","caveman",9
"9","191","133",0,"We waited some more, but only until we could snag our waiter, who was now quite a bit busier, since nearly an hour had passed and many more people had come in.","We wait.","We wanted to win.","caveman",10
"9","025","47",1,"At that point he also mentioned that the boss likes to sit at the booth I asked to sit in and that's why I couldn't sit there.","He mention.","They ate their meal.","caveman",11
"9","120","41",0,"The food was good, the service was good, we had a fun time.","Food good.","We picked a restaurant.","caveman",12
"9","033","76",0,"Of course, she breaks the teabag inside.","She break.","She doesn't know what to do.","caveman",13
"9","153","22",0,"I ordered a fairly simple meal, and it was only when I opened my wallet that I suddenly realised I had forgotten to go to the bank.","I order.","It was a mystery.","caveman",14
"9","248","86",1,"When it came time to pay she brings our ticket and explains that she rang us up for the pecan pie I had ordered as it was less expensive and what I wanted in the first place, but we noticed that she charged us for our friend's Taco Salad.","I order.","The restaurant is very busy.","caveman",15
"9","050","110",1,"The dish was not hot and barely palatable; I believe he deliberately left it sitting before he brought it out as there were not enough other customers for the kitchen to be backed up.","Dish not hot.","She wants us to buy an RV.","caveman",16
"9","171","58",0,"It's freezing this time of year so I didn't want to sit near the door.","It freezing.","I went to a restaurant.","caveman",17
"10","033","76",0,"Of course, she breaks the teabag inside.","She break.","Where to go for dinner?As usual,","event_only",1
"10","022","78",1,"If anyone should know better, you'd think it was him, except for his sense of entitlement.","You think.","We allow our server to give us more details about the special of the day","event_only",2
"10","248","86",1,"When it came time to pay she brings our ticket and explains that she rang us up for the pecan pie I had ordered as it was less expensive and what I wanted in the first place, but we noticed that she charged us for our friend's Taco Salad.","I order.","Something went terribly wrong","event_only",3
"10","171","29",1,"It was also pouring with rain outside and the restaurant was very busy with only about two tables free.","It pour.","It happened that that particular Mondays that Chinese restaurant was c losed","event_only",4
"10","050","110",3,"I wonder, however, what we could have done differently to avoid his attitude.","I wonder.","I refused to pay the bill!","event_only",5
"10","120","125",1,"He was standing next to me, but I did my best to concentrate on my soda and be polite.","He stand.","That was the make or break moment","event_only",6
"10","177","168",0,"My husband and I decided to just order a couple of sodas and desserts as we had a big breakfast earlier in the day and we explained to the waitress that our two orders would be on a separate ticket which seemed to confuse her.","Husband decide.","My pants somehow dropped","event_only",7
"10","025","10",1,"It's freezing this time of year so I didn't want to sit near the door.","It freezing.","And indeed it was so.","event_only",8
"10","063","84",1,"The server started arguing with my wife, ""I made sure the cook knew it had to be rare... the cook was going to leave it on longer but I made him take it off... etc.'' After a minute or so of listening to them argue about whether the burger was well done or rare, I just picked the burger patty up with both hands, they both stopped and looked at me, and I broke the burger patty in half with an audible snap.","Server start.","the moment we had been waiting for finally arrived","event_only",9
"10","191","133",0,"We waited some more, but only until we could snag our waiter, who was now quite a bit busier, since nearly an hour had passed and many more people had come in.","We wait.","Things did not seem clear.","event_only",10
"10","153","22",1,"It was a good thing that they didn't prepare my meal before giving me the price!","It thing.","I could not wait to taste that delicious burrito","event_only",11
"10","151","62",0,"At this point I'm just sticking around to watch the show.","I stick.","What happened next was really funny.","event_only",12
"10","196","68",6,"The manager shouted after them that they had not paid their bill, and the man shouted back something that I can't repeat on a family site.","Manager shout.","He was not at all satisfied","event_only",13
"10","243","41",1,"We're amicable people, and enjoy small-talk with waiters... well, my mum and sister do, I'm hard of hearing so I'm generally quiet.","We people.","We were very hungry","event_only",14
"10","086","40",1,"I always had to speak up and try to get her attention for a refill.","I have.","We decided not to have a dessert","event_only",15
"10","023","88",4,"He told her and her husband that he didn't appreciate their rude treatment of his staff, which happened every time they came in.","He tell.","He comes back to the table","event_only",16
"10","271","18",2,"I usually tip well, but I gave the waiter 12%, which actually was too much.","I tip.","We made a good choice","event_only",17
"11","171","58",0,"It's freezing this time of year so I didn't want to sit near the door.","It freezing.","I come.","caveman",1
"11","033","76",1,"At this point, she finally decides to get off the phone and gets huffy with the waitress about the ""defective teabag'' and how she needs to place her order ""right now because she's in a hurry.''","She decide.","I break.","caveman",2
"11","153","22",1,"It was a good thing that they didn't prepare my meal before giving me the price!","It thing.","I eat.","caveman",3
"11","191","11",3,"We were out of things for him to do other than sing ""Old MacDonald'' to him, which probably wouldn't have gone over too well with the other patrons.","We be.","Son bad.","caveman",4
"11","271","18",1,"Just to spite him, we remained at our table for nearly 3 hours.","We remain for hour to spite.","I pay.","caveman",5
"11","151","102",7,"We started on our way out of the restaurant.","We start on way.","Salad back.","caveman",6
"11","248","86",1,"When it came time to pay she brings our ticket and explains that she rang us up for the pecan pie I had ordered as it was less expensive and what I wanted in the first place, but we noticed that she charged us for our friend's Taco Salad.","I order.","They order.","caveman",7
"11","196","68",6,"The manager shouted after them that they had not paid their bill, and the man shouted back something that I can't repeat on a family site.","Manager shout after they.","He leave.","caveman",8
"11","086","40",0,"The waitress offered to refill my mother and brother's glasses, but she never asked if I needed one.","Waitress offer.","I like.","caveman",9
"11","063","84",0,"A few seconds later the server came to check on us and asked how our food was.","Seconds come.","Food come.","caveman",10
"11","120","41",0,"The food was good, the service was good, we had a fun time.","Food good.","We hungry.","caveman",11
"11","050","110",3,"I wonder, however, what we could have done differently to avoid his attitude.","I wonder.","She mad.","caveman",12
"11","022","48",1,"In reality this ""judge'' was trying to hide his martini on the floor.","Judge try in reality.","I work.","caveman",13
"11","023","88",4,"He told her and her husband that he didn't appreciate their rude treatment of his staff, which happened every time they came in.","He tell.","I lie.","caveman",14
"11","025","10",0,"It was off to a bad start as soon as I walked in the door.","It be.","It cold.","caveman",15
"11","243","41",1,"We're amicable people, and enjoy small-talk with waiters... well, my mum and sister do, I'm hard of hearing so I'm generally quiet.","We people.","We eat.","caveman",16
"11","177","168",2,"I was so embarrassed by the spectacle she made us into that I just wanted to leave.","I embarrassed.","She mad.","caveman",17
"12","022","78",0,"As I said, we did not allow it to tarnish our evening.","We not allow.","You think you was correct, but really you had it all wrong.","caveman",1
"12","023","88",4,"He told her and her husband that he didn't appreciate their rude treatment of his staff, which happened every time they came in.","He tell.","Then he looks at what he took out of my hands.","caveman",2
"12","086","40",0,"The waitress offered to refill my mother and brother's glasses, but she never asked if I needed one.","Waitress offer.","I have never felt so lively, today was a wonderful day.","caveman",3
"12","177","168",0,"My husband and I decided to just order a couple of sodas and desserts as we had a big breakfast earlier in the day and we explained to the waitress that our two orders would be on a separate ticket which seemed to confuse her.","Husband decide.","When I walked into the cafeteria I dropped my plate.","caveman",4
"12","050","110",1,"The dish was not hot and barely palatable; I believe he deliberately left it sitting before he brought it out as there were not enough other customers for the kitchen to be backed up.","Dish not hot.","My wife is talking to me about retiring from work.","caveman",5
"12","120","125",1,"He was standing next to me, but I did my best to concentrate on my soda and be polite.","He stand to i.","The waiter asks me what I would like to order.","caveman",6
"12","171","29",0,"It happened on a bank holiday and I was not at work that day.","It happen on holiday.","As I walked out side the rain began to pour like mad.","caveman",7
"12","153","22",1,"It was a good thing that they didn't prepare my meal before giving me the price!","It thing.","I was in the drive-thru at Mcdonalds, I placed my order.","caveman",8
"12","248","86",0,"After we ordered the waitress came back and apologized saying they were out of the pecan pie I had ordered.","I order.","I sat down at the table in the restaurant.","caveman",9
"12","196","68",6,"The manager shouted after them that they had not paid their bill, and the man shouted back something that I can't repeat on a family site.","Manager shout after they.","After he threw the ticket he stormed out of the place.","caveman",10
"12","243","41",1,"We're amicable people, and enjoy small-talk with waiters... well, my mum and sister do, I'm hard of hearing so I'm generally quiet.","We people.","We talk while we walk towards the table.","caveman",11
"12","063","84",0,"A few seconds later the server came to check on us and asked how our food was.","Seconds come.","We stop talking at the waiter approaches the table.","caveman",12
"12","033","76",0,"Of course, she breaks the teabag inside.","She break.","She had just to make her decision on the menu but was getting close.","caveman",13
"12","025","10",1,"It's freezing this time of year so I didn't want to sit near the door.","It freezing.","It was a great experience.","caveman",14
"12","151","62",0,"At this point I'm just sticking around to watch the show.","I stick.","I looked down at my salad and noticed something.","caveman",15
"12","271","18",0,"The waiter said nothing the rest of the evening about us having to leave early, but he was clearly peeved.","Waiter say.","We started another conversation while we ate.","caveman",16
"12","191","11",3,"We were out of things for him to do other than sing ""Old MacDonald'' to him, which probably wouldn't have gone over too well with the other patrons.","We be.","I told my son not to do that again.","caveman",17
"13","191","11",3,"We were out of things for him to do other than sing ""Old MacDonald'' to him, which probably wouldn't have gone over too well with the other patrons.","We be.","But I told him there would be certain conditions he would need to meet.","caveman",1
"13","177","20",1,"A couple of months ago my husband and I were out running errands and decide to meet up with some friends at a local ""Mom & Pop'' restaurant.","Couple run.","It would be a dream come true despite the details to work out.","caveman",2
"13","120","125",1,"He was standing next to me, but I did my best to concentrate on my soda and be polite.","He stand to i.","She said not to worry about it.","caveman",3
"13","151","62",0,"At this point I'm just sticking around to watch the show.","I stick.","We left at the same time.","caveman",4
"13","022","78",1,"If anyone should know better, you'd think it was him, except for his sense of entitlement.","You think.","We had to leave our dog outside in the car.","caveman",5
"13","033","76",0,"Of course, she breaks the teabag inside.","She break.","We discussed it at length. ","caveman",6
"13","248","86",1,"When it came time to pay she brings our ticket and explains that she rang us up for the pecan pie I had ordered as it was less expensive and what I wanted in the first place, but we noticed that she charged us for our friend's Taco Salad.","I order.","We were in a hurry.","caveman",7
"13","196","68",6,"The manager shouted after them that they had not paid their bill, and the man shouted back something that I can't repeat on a family site.","Manager shout after they.","I thought to myself that it was a waste of food.","caveman",8
"13","243","41",1,"We're amicable people, and enjoy small-talk with waiters... well, my mum and sister do, I'm hard of hearing so I'm generally quiet.","We people.","The atmosphere was warm and welcoming.","caveman",9
"13","023","88",5,"He told them they were no longer welcome.","He tell.","I thought about it for some time.","caveman",10
"13","271","18",1,"Just to spite him, we remained at our table for nearly 3 hours.","We remain for hour to spite.","The entire experience was lovely.","caveman",11
"13","086","40",0,"The waitress offered to refill my mother and brother's glasses, but she never asked if I needed one.","Waitress offer.","Do have any batteries left?","caveman",12
"13","171","29",1,"It was also pouring with rain outside and the restaurant was very busy with only about two tables free.","It pour with rain.","You never know what to expect this time of year.","caveman",13
"13","153","22",1,"It was a good thing that they didn't prepare my meal before giving me the price!","It thing.","We relaxed and took our time when the meal arrived.","caveman",14
"13","050","110",2,"I refused but also declined to tip the culprit.","I refuse.","She usually doesn't like a sink of dirty dishes being left.","caveman",15
"13","063","84",1,"The server started arguing with my wife, ""I made sure the cook knew it had to be rare... the cook was going to leave it on longer but I made him take it off... etc.'' After a minute or so of listening to them argue about whether the burger was well done or rare, I just picked the burger patty up with both hands, they both stopped and looked at me, and I broke the burger patty in half with an audible snap.","Server start.","I stopped the watch just in time.","caveman",16
"13","025","47",1,"At that point he also mentioned that the boss likes to sit at the booth I asked to sit in and that's why I couldn't sit there.","He mention.","We both ordered the same thing.","caveman",17
"14","196","68",5,"He then would throw that steak on the table, get another one out of the box, throw it on the scale, and again, exclaim:  ""10 ounces!''","He throw.","We asked for our meal to be comped.","event_only",1
"14","196","68",5,"He then would throw that steak on the table, get another one out of the box, throw it on the scale, and again, exclaim:  ""10 ounces!''","He throw.","They asked for their meal to be comped.","event_only",1
"14","177","168",0,"My husband and I decided to just order a couple of sodas and desserts as we had a big breakfast earlier in the day and we explained to the waitress that our two orders would be on a separate ticket which seemed to confuse her.","Husband decide.","I dropped the plate.","event_only",2
"14","191","11",3,"We were out of things for him to do other than sing ""Old MacDonald'' to him, which probably wouldn't have gone over too well with the other patrons.","We be.","I told my son to sit down or else we'd leave.","event_only",3
"14","023","88",4,"He told her and her husband that he didn't appreciate their rude treatment of his staff, which happened every time they came in.","He tell.","I asked for the specials.","event_only",4
"14","022","78",1,"If anyone should know better, you'd think it was him, except for his sense of entitlement.","You think.","They asked if we would switch tables. ","event_only",5
"14","271","18",0,"The waiter said nothing the rest of the evening about us having to leave early, but he was clearly peeved.","Waiter say.","We finished our meal and waited for the bill.","event_only",6
"14","151","102",5,"The salads with the dinners were delivered before the appetizer we ordered.","Salad deliver.","Our waited asked how our food tasted.","event_only",7
"14","050","110",3,"I wonder, however, what we could have done differently to avoid his attitude.","I wonder.","The waiter brought us free dessert anyway.","event_only",8
"14","243","41",1,"We're amicable people, and enjoy small-talk with waiters... well, my mum and sister do, I'm hard of hearing so I'm generally quiet.","We people.","We asked for a table for two.","event_only",9
"14","120","125",1,"He was standing next to me, but I did my best to concentrate on my soda and be polite.","He stand.","She looked over the menu.","event_only",10
"14","033","76",0,"Of course, she breaks the teabag inside.","She break.","The waiter read us the specials.","event_only",11
"14","086","40",0,"The waitress offered to refill my mother and brother's glasses, but she never asked if I needed one.","Waitress offer.","Our waiter asked if we'd been here before.","event_only",12
"14","063","84",0,"A few seconds later the server came to check on us and asked how our food was.","Seconds come.","We sat down.","event_only",13
"14","153","22",1,"It was a good thing that they didn't prepare my meal before giving me the price!","It thing.","I looked over the menu.","event_only",14
"14","025","10",0,"It was off to a bad start as soon as I walked in the door.","It be.","The restaurant had the AC turned up high.","event_only",15
"14","171","58",0,"It's freezing this time of year so I didn't want to sit near the door.","It freezing.","We quickly got a table. ","event_only",16
"14","248","86",0,"After we ordered the waitress came back and apologized saying they were out of the pecan pie I had ordered.","I order.","We made a reservation and got a table quickly.","event_only",17
"15","153","22",1,"It was a good thing that they didn't prepare my meal before giving me the price!","It thing.","Why do you care about what I order","caveman",1
"15","063","84",1,"The server started arguing with my wife, ""I made sure the cook knew it had to be rare... the cook was going to leave it on longer but I made him take it off... etc.'' After a minute or so of listening to them argue about whether the burger was well done or rare, I just picked the burger patty up with both hands, they both stopped and looked at me, and I broke the burger patty in half with an audible snap.","Server start.","You'll be able to see in seconds come","caveman",2
"15","177","168",2,"I was so embarrassed by the spectacle she made us into that I just wanted to leave.","I embarrassed.","As for what women order, a lot of them let their husband decide.","caveman",3
"15","050","110",2,"I refused but also declined to tip the culprit.","I refuse.","Why would my wife retire.","caveman",4
"15","196","68",5,"He then would throw that steak on the table, get another one out of the box, throw it on the scale, and again, exclaim:  ""10 ounces!''","He throw.","WHo could this couple be.","caveman",5
"15","120","125",1,"He was standing next to me, but I did my best to concentrate on my soda and be polite.","He stand to i.","which one should we keep","caveman",6
"15","171","29",1,"It was also pouring with rain outside and the restaurant was very busy with only about two tables free.","It pour with rain.","When did it happen on holiday","caveman",7
"15","033","76",1,"At this point, she finally decides to get off the phone and gets huffy with the waitress about the ""defective teabag'' and how she needs to place her order ""right now because she's in a hurry.''","She decide.","what bone did she break","caveman",8
"15","191","11",4,"Our son was now behaving the way you would expect an 18-month-old to behave after sitting in a high chair for nearly an hour watching other people eat.","Son behave.","what would we be","caveman",9
"15","248","86",0,"After we ordered the waitress came back and apologized saying they were out of the pecan pie I had ordered.","I order.","What soup should I order","caveman",10
"15","086","40",1,"I always had to speak up and try to get her attention for a refill.","I have.","what soup did the waitress offer","caveman",11
"15","086","40",1,"I always had to speak up and try to get her attention for a refill.","I have.","what soup did the waitress offer","caveman",11
"15","023","88",1,"I interrupted her stating, ""I will go get my manager,'' and walked away.","I interrupt.","where should i go.","caveman",12
"15","271","18",0,"The waiter said nothing the rest of the evening about us having to leave early, but he was clearly peeved.","Waiter say.","How much should i tip","caveman",13
"15","025","47",1,"At that point he also mentioned that the boss likes to sit at the booth I asked to sit in and that's why I couldn't sit there.","He mention.","when will the waiter come","caveman",14
"15","243","41",0,"The food was good, the service was good, we had a fun time.","Food good.","what did she ask","caveman",15
"15","243","41",0,"The food was good, the service was good, we had a fun time.","Food good.","what did she ask","caveman",15
"15","151","102",7,"We started on our way out of the restaurant.","We start on way.","How should i reply","caveman",16
"15","022","78",1,"If anyone should know better, you'd think it was him, except for his sense of entitlement.","You think.","What rules do we not allow?","caveman",17
"16","191","11",3,"We were out of things for him to do other than sing ""Old MacDonald'' to him, which probably wouldn't have gone over too well with the other patrons.","We be.","Son misbehave.","caveman",1
"16","063","84",0,"A few seconds later the server came to check on us and asked how our food was.","Seconds come.","Walk up to server.","caveman",2
"16","086","40",0,"The waitress offered to refill my mother and brother's glasses, but she never asked if I needed one.","Waitress offer.","He gives.","caveman",3
"16","153","22",1,"It was a good thing that they didn't prepare my meal before giving me the price!","It thing.","I eat.","caveman",4
"16","120","125",1,"He was standing next to me, but I did my best to concentrate on my soda and be polite.","He stand to i.","Waiter leaves.","caveman",5
"16","248","86",1,"When it came time to pay she brings our ticket and explains that she rang us up for the pecan pie I had ordered as it was less expensive and what I wanted in the first place, but we noticed that she charged us for our friend's Taco Salad.","I order.","I wait.","caveman",6
"16","023","88",5,"He told them they were no longer welcome.","He tell.","He ask.","caveman",7
"16","171","29",1,"It was also pouring with rain outside and the restaurant was very busy with only about two tables free.","It pour with rain.","Holiday end.","caveman",8
"16","196","68",6,"The manager shouted after them that they had not paid their bill, and the man shouted back something that I can't repeat on a family site.","Manager shout after they.","He leave.","caveman",9
"16","151","62",0,"At this point I'm just sticking around to watch the show.","I stick.","I grab.","caveman",10
"16","025","10",1,"It's freezing this time of year so I didn't want to sit near the door.","It freezing.","It end.","caveman",11
"16","050","110",2,"I refused but also declined to tip the culprit.","I refuse.","I ask.","caveman",12
"16","022","48",1,"In reality this ""judge'' was trying to hide his martini on the floor.","Judge try in reality.","They are employees.","caveman",13
"16","033","76",1,"At this point, she finally decides to get off the phone and gets huffy with the waitress about the ""defective teabag'' and how she needs to place her order ""right now because she's in a hurry.''","She decide.","She buy.","caveman",14
"16","271","18",1,"Just to spite him, we remained at our table for nearly 3 hours.","We remain for hour to spite.","I sign.","caveman",15
"16","177","168",0,"My husband and I decided to just order a couple of sodas and desserts as we had a big breakfast earlier in the day and we explained to the waitress that our two orders would be on a separate ticket which seemed to confuse her.","Husband decide.","I trip.","caveman",16
"16","243","41",0,"The food was good, the service was good, we had a fun time.","Food good.","We enter.","caveman",17
"17","033","76",0,"Of course, she breaks the teabag inside.","She break.","She was finally able to decide.","caveman",1
"17","153","22",1,"It was a good thing that they didn't prepare my meal before giving me the price!","It thing.","I am ready to order.","caveman",2
"17","120","41",2,"We'd been seated at a booth, but I sat on a regular chair on the outside of the table -- yes, my crazy bubble rules apply to even family members --.","We seat.","I need to ask for another item.","caveman",3
"17","063","84",1,"The server started arguing with my wife, ""I made sure the cook knew it had to be rare... the cook was going to leave it on longer but I made him take it off... etc.'' After a minute or so of listening to them argue about whether the burger was well done or rare, I just picked the burger patty up with both hands, they both stopped and looked at me, and I broke the burger patty in half with an audible snap.","Server start.","I can definitely still eat more.","caveman",4
"17","151","102",5,"The salads with the dinners were delivered before the appetizer we ordered.","Salad deliver before appetizer.","The waiter asks if we need anything else.","caveman",5
"17","177","168",2,"I was so embarrassed by the spectacle she made us into that I just wanted to leave.","I embarrassed.","The husband did not mind.","caveman",6
"17","171","58",0,"It's freezing this time of year so I didn't want to sit near the door.","It freezing.","I find a table to enjoy my meal.","caveman",7
"17","243","21",0,"After perusing our menus, the waitress came over to take our order.","Waitress come.","I am deciding on what to eat.","caveman",8
"17","271","18",0,"The waiter said nothing the rest of the evening about us having to leave early, but he was clearly peeved.","Waiter say.","We had rude service.","caveman",9
"17","191","11",4,"Our son was now behaving the way you would expect an 18-month-old to behave after sitting in a high chair for nearly an hour watching other people eat.","Son behave.","The son accidentally makes a mess.","caveman",10
"17","050","110",2,"I refused but also declined to tip the culprit.","I refuse.","I get home from work late.","caveman",11
"17","023","88",5,"He told them they were no longer welcome.","He tell.","I begin to get upset.","caveman",12
"17","022","78",0,"As I said, we did not allow it to tarnish our evening.","We not allow.","I think the meal was good.","caveman",13
"17","086","40",1,"I always had to speak up and try to get her attention for a refill.","I have.","I decided to order another.","caveman",14
"17","196","68",5,"He then would throw that steak on the table, get another one out of the box, throw it on the scale, and again, exclaim:  ""10 ounces!''","He throw.","They decided to leave the restaurant.","caveman",15
"17","248","86",0,"After we ordered the waitress came back and apologized saying they were out of the pecan pie I had ordered.","I order.","We all arrive on time for our meal.","caveman",16
"17","025","10",1,"It's freezing this time of year so I didn't want to sit near the door.","It freezing.","I decide to order it as well.","caveman",17
"18","025","10",0,"It was off to a bad start as soon as I walked in the door.","It was off to a bad start as soon as I walked in the door.","The weather in Michigan winters sucks, especially in this old house.","original",1
"18","033","76",1,"At this point, she finally decides to get off the phone and gets huffy with the waitress about the ""defective teabag'' and how she needs to place her order ""right now because she's in a hurry.''","At this point, she finally decides to get off the phone and gets huffy with the waitress about the ""defective teabag'' and how she needs to place her order ""right now because she's in a hurry.''","Now my tea is so strong I can't drink it.","original",2
"18","191","11",4,"Our son was now behaving the way you would expect an 18-month-old to behave after sitting in a high chair for nearly an hour watching other people eat.","Our son was now behaving the way you would expect an 18-month-old to behave after sitting in a high chair for nearly an hour watching other people eat.","He eventually wore out and crashed.","original",3
"18","196","68",6,"The manager shouted after them that they had not paid their bill, and the man shouted back something that I can't repeat on a family site.","The manager shouted after them that they had not paid their bill, and the man shouted back something that I can't repeat on a family site.","After the third steak, the man was getting visibly agitated, and appeared to become violent.","original",4
"18","023","88",1,"I interrupted her stating, ""I will go get my manager,'' and walked away.","I interrupted her stating, ""I will go get my manager,'' and walked away.","I told the guest that their coupons were not any good here.","original",5
"18","023","88",1,"I interrupted her stating, ""I will go get my manager,'' and walked away.","I interrupted her stating, ""I will go get my manager,'' and walked away.","I told the guest that their coupons were not any good here.","original",5
"18","177","168",0,"My husband and I decided to just order a couple of sodas and desserts as we had a big breakfast earlier in the day and we explained to the waitress that our two orders would be on a separate ticket which seemed to confuse her.","My husband and I decided to just order a couple of sodas and desserts as we had a big breakfast earlier in the day and we explained to the waitress that our two orders would be on a separate ticket which seemed to confuse her.","My wife came completely unglued and threatened to sue the restaurant.","original",6
"18","022","48",1,"In reality this ""judge'' was trying to hide his martini on the floor.","In reality this ""judge'' was trying to hide his martini on the floor.","The patron was unruly, but looked too drunk to do anything about it.","original",7
"18","248","86",0,"After we ordered the waitress came back and apologized saying they were out of the pecan pie I had ordered.","After we ordered the waitress came back and apologized saying they were out of the pecan pie I had ordered.","We did not know what the bill would look like, since the rest of the experience was so bad.","original",8
"18","243","41",1,"We're amicable people, and enjoy small-talk with waiters... well, my mum and sister do, I'm hard of hearing so I'm generally quiet.","We're amicable people, and enjoy small-talk with waiters... well, my mum and sister do, I'm hard of hearing so I'm generally quiet.","We love this restaurant.","original",9
"18","086","40",0,"The waitress offered to refill my mother and brother's glasses, but she never asked if I needed one.","The waitress offered to refill my mother and brother's glasses, but she never asked if I needed one.","The waitress either can't hear or doesn't pay attention.","original",10
"18","120","41",0,"The food was good, the service was good, we had a fun time.","The food was good, the service was good, we had a fun time.","We ended up carrying on quite a conversation with the waitress.","original",11
"18","271","18",0,"The waiter said nothing the rest of the evening about us having to leave early, but he was clearly peeved.","The waiter said nothing the rest of the evening about us having to leave early, but he was clearly peeved.","The annoying waiter was a real douche.","original",12
"18","063","84",1,"The server started arguing with my wife, ""I made sure the cook knew it had to be rare... the cook was going to leave it on longer but I made him take it off... etc.'' After a minute or so of listening to them argue about whether the burger was well done or rare, I just picked the burger patty up with both hands, they both stopped and looked at me, and I broke the burger patty in half with an audible snap.","The server started arguing with my wife, ""I made sure the cook knew it had to be rare... the cook was going to leave it on longer but I made him take it off... etc.'' After a minute or so of listening to them argue about whether the burger was well done or rare, I just picked the burger patty up with both hands, they both stopped and looked at me, and I broke the burger patty in half with an audible snap.","We told him it was great.","original",13
"18","050","110",3,"I wonder, however, what we could have done differently to avoid his attitude.","I wonder, however, what we could have done differently to avoid his attitude.","We will not be back.","original",14
"18","153","22",1,"It was a good thing that they didn't prepare my meal before giving me the price!","It was a good thing that they didn't prepare my meal before giving me the price!","I have never been so embarrassed.","original",15
"18","151","102",7,"We started on our way out of the restaurant.","We started on our way out of the restaurant.","We got up and began to walk out of the restaurant.","original",16
"18","171","29",0,"It happened on a bank holiday and I was not at work that day.","It happened on a bank holiday and I was not at work that day.","The next location was extremely small.","original",17
"19","063","84",1,"The server started arguing with my wife, ""I made sure the cook knew it had to be rare... the cook was going to leave it on longer but I made him take it off... etc.'' After a minute or so of listening to them argue about whether the burger was well done or rare, I just picked the burger patty up with both hands, they both stopped and looked at me, and I broke the burger patty in half with an audible snap.","The server started arguing with my wife, ""I made sure the cook knew it had to be rare... the cook was going to leave it on longer but I made him take it off... etc.'' After a minute or so of listening to them argue about whether the burger was well done or rare, I just picked the burger patty up with both hands, they both stopped and looked at me, and I broke the burger patty in half with an audible snap.","A server had just brought out food.","original",1
"19","271","18",0,"The waiter said nothing the rest of the evening about us having to leave early, but he was clearly peeved.","The waiter said nothing the rest of the evening about us having to leave early, but he was clearly peeved.","Our waiter was totally awful. ","original",2
"19","033","76",0,"Of course, she breaks the teabag inside.","Of course, she breaks the teabag inside.","Martha has been being a complete pain all night.","original",3
"19","023","88",5,"He told them they were no longer welcome.","He told them they were no longer welcome.","I made it clear that I wouldn't tolerate that type of behavior either.","original",4
"19","086","40",1,"I always had to speak up and try to get her attention for a refill.","I always had to speak up and try to get her attention for a refill.","The waitress was helpful but seemed to dislike me.","original",5
"19","151","102",7,"We started on our way out of the restaurant.","We started on our way out of the restaurant.","We began leaving the restaurant.","original",6
"19","022","78",1,"If anyone should know better, you'd think it was him, except for his sense of entitlement.","If anyone should know better, you'd think it was him, except for his sense of entitlement.","We enjoyed the night just fine.","original",7
"19","177","20",1,"A couple of months ago my husband and I were out running errands and decide to meet up with some friends at a local ""Mom & Pop'' restaurant.","A couple of months ago my husband and I were out running errands and decide to meet up with some friends at a local ""Mom & Pop'' restaurant.","We spotted a couple of friends there.","original",8
"19","050","110",3,"I wonder, however, what we could have done differently to avoid his attitude.","I wonder, however, what we could have done differently to avoid his attitude.","He offered to take it back to the kitchen to heat it up","original",9
"19","153","22",1,"It was a good thing that they didn't prepare my meal before giving me the price!","It was a good thing that they didn't prepare my meal before giving me the price!","I had no money to pay. ","original",10
"19","120","41",0,"The food was good, the service was good, we had a fun time.","The food was good, the service was good, we had a fun time.","I was happy to be out at lunch.","original",11
"19","243","21",0,"After perusing our menus, the waitress came over to take our order.","After perusing our menus, the waitress came over to take our order.","The waitress asked for my order.","original",12
"19","196","68",5,"He then would throw that steak on the table, get another one out of the box, throw it on the scale, and again, exclaim:  ""10 ounces!''","He then would throw that steak on the table, get another one out of the box, throw it on the scale, and again, exclaim:  ""10 ounces!''","The couple ate some and decided to run out on the bill.","original",13
"19","191","133",0,"We waited some more, but only until we could snag our waiter, who was now quite a bit busier, since nearly an hour had passed and many more people had come in.","We waited some more, but only until we could snag our waiter, who was now quite a bit busier, since nearly an hour had passed and many more people had come in.","We'd been waiting for food for nearly forty minutes","original",14
"19","248","86",1,"When it came time to pay she brings our ticket and explains that she rang us up for the pecan pie I had ordered as it was less expensive and what I wanted in the first place, but we noticed that she charged us for our friend's Taco Salad.","When it came time to pay she brings our ticket and explains that she rang us up for the pecan pie I had ordered as it was less expensive and what I wanted in the first place, but we noticed that she charged us for our friend's Taco Salad.","They offered to make me a fresh new pie. ","original",15
"19","171","58",0,"It's freezing this time of year so I didn't want to sit near the door.","It's freezing this time of year so I didn't want to sit near the door.","I went to a restaurant and they told me to wait for an open table. ","original",16
"19","025","10",1,"It's freezing this time of year so I didn't want to sit near the door.","It's freezing this time of year so I didn't want to sit near the door.","My day was horrible.","original",17
"20","023","88",4,"He told her and her husband that he didn't appreciate their rude treatment of his staff, which happened every time they came in.","He tell.","He asked a question about the restaurant.","caveman",1
"20","248","86",0,"After we ordered the waitress came back and apologized saying they were out of the pecan pie I had ordered.","I order.","I called the restaurant","caveman",2
"20","063","84",1,"The server started arguing with my wife, ""I made sure the cook knew it had to be rare... the cook was going to leave it on longer but I made him take it off... etc.'' After a minute or so of listening to them argue about whether the burger was well done or rare, I just picked the burger patty up with both hands, they both stopped and looked at me, and I broke the burger patty in half with an audible snap.","Server start.","The food was great.","caveman",3
"20","025","10",0,"It was off to a bad start as soon as I walked in the door.","It be.","The dessert was served.","caveman",4
"20","151","102",7,"We started on our way out of the restaurant.","We start on way.","I asked for the manager.","caveman",5
"20","153","22",0,"I ordered a fairly simple meal, and it was only when I opened my wallet that I suddenly realised I had forgotten to go to the bank.","I order.","I ordered a meal.","caveman",6
"20","086","40",1,"I always had to speak up and try to get her attention for a refill.","I have.","I accepted her offer.","caveman",7
"20","022","78",0,"As I said, we did not allow it to tarnish our evening.","We not allow.","The waiter suggested an option.","caveman",8
"20","271","18",0,"The waiter said nothing the rest of the evening about us having to leave early, but he was clearly peeved.","Waiter say.","The service was horrible","caveman",9
"20","171","58",0,"It's freezing this time of year so I didn't want to sit near the door.","It freezing.","I arrived at the restaurant.","caveman",10
"20","050","110",3,"I wonder, however, what we could have done differently to avoid his attitude.","I wonder.","I complained to the manager","caveman",11
"20","191","11",3,"We were out of things for him to do other than sing ""Old MacDonald'' to him, which probably wouldn't have gone over too well with the other patrons.","We be.","My son began to throw a tantrum","caveman",12
"20","243","41",0,"The food was good, the service was good, we had a fun time.","Food good.","We arrived at the restaurant.","caveman",13
"20","120","41",0,"The food was good, the service was good, we had a fun time.","Food good.","We were greeted by the hostess","caveman",14
"20","177","168",2,"I was so embarrassed by the spectacle she made us into that I just wanted to leave.","I embarrassed.","Everyone laughs at him.","caveman",15
"20","196","68",3,"He put the box and the scale down on their table, and proceeded to pull raw steaks out of the box.","He put on table.","The man asks for the time.","caveman",16
"20","033","76",0,"Of course, she breaks the teabag inside.","She break.","We argued about what we would get.","caveman",17
"21","086","40",1,"I always had to speak up and try to get her attention for a refill.","I always had to speak up and try to get her attention for a refill.","when they were half full","original",1
"21","063","84",1,"The server started arguing with my wife, ""I made sure the cook knew it had to be rare... the cook was going to leave it on longer but I made him take it off... etc.'' After a minute or so of listening to them argue about whether the burger was well done or rare, I just picked the burger patty up with both hands, they both stopped and looked at me, and I broke the burger patty in half with an audible snap.","The server started arguing with my wife, ""I made sure the cook knew it had to be rare... the cook was going to leave it on longer but I made him take it off... etc.'' After a minute or so of listening to them argue about whether the burger was well done or rare, I just picked the burger patty up with both hands, they both stopped and looked at me, and I broke the burger patty in half with an audible snap.","She came back and asked us about the meal.","original",2
"21","151","62",0,"At this point I'm just sticking around to watch the show.","At this point I'm just sticking around to watch the show.","I found a snot rag in my salad.","original",3
"21","196","68",6,"The manager shouted after them that they had not paid their bill, and the man shouted back something that I can't repeat on a family site.","The manager shouted after them that they had not paid their bill, and the man shouted back something that I can't repeat on a family site.","The man next to us thought they weren't giving him the full size of steak he ordered.","original",4
"21","271","18",0,"The waiter said nothing the rest of the evening about us having to leave early, but he was clearly peeved.","The waiter said nothing the rest of the evening about us having to leave early, but he was clearly peeved.","We stayed at the table longer than normal and I tipped more than I should have.","original",5
"21","025","10",0,"It was off to a bad start as soon as I walked in the door.","It was off to a bad start as soon as I walked in the door.","It's so cold out now and the door is drafty.","original",6
"21","243","41",0,"The food was good, the service was good, we had a fun time.","The food was good, the service was good, we had a fun time.","We're friendly, but I'm shy.","original",7
"21","050","110",1,"The dish was not hot and barely palatable; I believe he deliberately left it sitting before he brought it out as there were not enough other customers for the kitchen to be backed up.","The dish was not hot and barely palatable; I believe he deliberately left it sitting before he brought it out as there were not enough other customers for the kitchen to be backed up.","We are on a fixed income.","original",8
"21","248","86",0,"After we ordered the waitress came back and apologized saying they were out of the pecan pie I had ordered.","After we ordered the waitress came back and apologized saying they were out of the pecan pie I had ordered.","The waitress made several mistakes on our order.","original",9
"21","023","88",1,"I interrupted her stating, ""I will go get my manager,'' and walked away.","I interrupted her stating, ""I will go get my manager,'' and walked away.","They had brought coupons in that we didn't normally accept.","original",10
"21","177","168",2,"I was so embarrassed by the spectacle she made us into that I just wanted to leave.","I was so embarrassed by the spectacle she made us into that I just wanted to leave.","It's like they thought we were divorced.","original",11
"21","022","78",1,"If anyone should know better, you'd think it was him, except for his sense of entitlement.","If anyone should know better, you'd think it was him, except for his sense of entitlement.","We made up for the evening later on.","original",12
"21","191","133",0,"We waited some more, but only until we could snag our waiter, who was now quite a bit busier, since nearly an hour had passed and many more people had come in.","We waited some more, but only until we could snag our waiter, who was now quite a bit busier, since nearly an hour had passed and many more people had come in.","It was hard to believe that they already had their food.","original",13
"21","033","76",0,"Of course, she breaks the teabag inside.","Of course, she breaks the teabag inside.","I looked at the rude woman on her cellphone as she held up the rest of the line.","original",14
"21","171","58",0,"It's freezing this time of year so I didn't want to sit near the door.","It's freezing this time of year so I didn't want to sit near the door.","They told me that the booth was reserved and so I couldn't have it.","original",15
"21","153","22",1,"It was a good thing that they didn't prepare my meal before giving me the price!","It was a good thing that they didn't prepare my meal before giving me the price!","I had no idea how I was going to pay for the food.","original",16
"21","120","41",0,"The food was good, the service was good, we had a fun time.","The food was good, the service was good, we had a fun time.","We decided to try the new restaurant with good reviews.","original",17
"22","196","68",6,"The manager shouted after them that they had not paid their bill, and the man shouted back something that I can't repeat on a family site.","Manager shout after they.","Man leave.","caveman",1
"22","120","41",0,"The food was good, the service was good, we had a fun time.","Food good.","We decide.","caveman",2
"22","248","86",0,"After we ordered the waitress came back and apologized saying they were out of the pecan pie I had ordered.","I order.","Group sit.","caveman",3
"22","023","88",1,"I interrupted her stating, ""I will go get my manager,'' and walked away.","I interrupt.","I apologize.","caveman",4
"22","191","11",4,"Our son was now behaving the way you would expect an 18-month-old to behave after sitting in a high chair for nearly an hour watching other people eat.","Son behave.","He make mistake.","caveman",5
"22","050","110",3,"I wonder, however, what we could have done differently to avoid his attitude.","I wonder.","I ask.","caveman",6
"22","022","78",1,"If anyone should know better, you'd think it was him, except for his sense of entitlement.","You think.","We leave.","caveman",7
"22","243","41",1,"We're amicable people, and enjoy small-talk with waiters... well, my mum and sister do, I'm hard of hearing so I'm generally quiet.","We people.","We enter.","caveman",8
"22","271","18",2,"I usually tip well, but I gave the waiter 12%, which actually was too much.","I tip.","We leave.","caveman",9
"22","177","168",0,"My husband and I decided to just order a couple of sodas and desserts as we had a big breakfast earlier in the day and we explained to the waitress that our two orders would be on a separate ticket which seemed to confuse her.","Husband decide.","I drop.","caveman",10
"22","153","22",0,"I ordered a fairly simple meal, and it was only when I opened my wallet that I suddenly realised I had forgotten to go to the bank.","I order.","I see.","caveman",11
"22","086","40",1,"I always had to speak up and try to get her attention for a refill.","I have.","I accept.","caveman",12
"22","063","84",0,"A few seconds later the server came to check on us and asked how our food was.","Seconds come.","I sit.","caveman",13
"22","151","102",5,"The salads with the dinners were delivered before the appetizer we ordered.","Salad deliver before appetizer.","Waiter ask.","caveman",14
"22","033","76",0,"Of course, she breaks the teabag inside.","She break.","He asks.","caveman",15
"22","171","29",0,"It happened on a bank holiday and I was not at work that day.","It happen on holiday.","We arrive.","caveman",16
"22","025","47",1,"At that point he also mentioned that the boss likes to sit at the booth I asked to sit in and that's why I couldn't sit there.","He mention.","He ask.","caveman",17
"23","196","68",6,"The manager shouted after them that they had not paid their bill, and the man shouted back something that I can't repeat on a family site.","Manager shout.","The couple walked out of the restaurant.","event_only",1
"23","191","11",4,"Our son was now behaving the way you would expect an 18-month-old to behave after sitting in a high chair for nearly an hour watching other people eat.","Son behave.","We apologized for the problem.","event_only",2
"23","063","84",1,"The server started arguing with my wife, ""I made sure the cook knew it had to be rare... the cook was going to leave it on longer but I made him take it off... etc.'' After a minute or so of listening to them argue about whether the burger was well done or rare, I just picked the burger patty up with both hands, they both stopped and looked at me, and I broke the burger patty in half with an audible snap.","Server start.","We then worked on eating the food.","event_only",3
"23","025","47",1,"At that point he also mentioned that the boss likes to sit at the booth I asked to sit in and that's why I couldn't sit there.","He mention.","He took our order.","event_only",4
"23","033","76",1,"At this point, she finally decides to get off the phone and gets huffy with the waitress about the ""defective teabag'' and how she needs to place her order ""right now because she's in a hurry.''","She decide.","We apologized many times.","event_only",5
"23","022","78",0,"As I said, we did not allow it to tarnish our evening.","We allow.","We stood around.","event_only",6
"23","050","110",1,"The dish was not hot and barely palatable; I believe he deliberately left it sitting before he brought it out as there were not enough other customers for the kitchen to be backed up.","Dish hot.","I still need to work.","event_only",7
"23","271","18",1,"Just to spite him, we remained at our table for nearly 3 hours.","We remain.","We thank him.","event_only",8
"23","248","86",1,"When it came time to pay she brings our ticket and explains that she rang us up for the pecan pie I had ordered as it was less expensive and what I wanted in the first place, but we noticed that she charged us for our friend's Taco Salad.","I order.","Other people order their food.","event_only",9
"23","086","40",1,"I always had to speak up and try to get her attention for a refill.","I have.","We accept the offer.","event_only",10
"23","243","41",0,"The food was good, the service was good, we had a fun time.","Food good.","We made reservations.","event_only",11
"23","171","29",1,"It was also pouring with rain outside and the restaurant was very busy with only about two tables free.","It pour.","We were surprised.","event_only",12
"23","120","41",2,"We'd been seated at a booth, but I sat on a regular chair on the outside of the table -- yes, my crazy bubble rules apply to even family members --.","We seat.","We sat down.","event_only",13
"23","151","62",0,"At this point I'm just sticking around to watch the show.","I stick.","I pushed.","event_only",14
"23","023","88",1,"I interrupted her stating, ""I will go get my manager,'' and walked away.","I interrupt.","I apologized.","event_only",15
"23","153","22",0,"I ordered a fairly simple meal, and it was only when I opened my wallet that I suddenly realised I had forgotten to go to the bank.","I order.","It worked.","event_only",16
"23","177","20",1,"A couple of months ago my husband and I were out running errands and decide to meet up with some friends at a local ""Mom & Pop'' restaurant.","Couple run.","Sister orders.","event_only",17
"24","177","168",0,"My husband and I decided to just order a couple of sodas and desserts as we had a big breakfast earlier in the day and we explained to the waitress that our two orders would be on a separate ticket which seemed to confuse her.","My husband and I decided to just order a couple of sodas and desserts as we had a big breakfast earlier in the day and we explained to the waitress that our two orders would be on a separate ticket which seemed to confuse her.","My friend knocked over a dessert cart at a restaurant.","original",1
"24","271","18",0,"The waiter said nothing the rest of the evening about us having to leave early, but he was clearly peeved.","The waiter said nothing the rest of the evening about us having to leave early, but he was clearly peeved.","Our waiter kept trying to rush us to finish our meals.","original",2
"24","171","29",0,"It happened on a bank holiday and I was not at work that day.","It happened on a bank holiday and I was not at work that day.","I couldn't enjoy my meal, because of two screaming babies in the restaurant.","original",3
"24","151","102",7,"We started on our way out of the restaurant.","We started on our way out of the restaurant.","We got up and headed for the door.","original",4
"24","196","68",3,"He put the box and the scale down on their table, and proceeded to pull raw steaks out of the box.","He put the box and the scale down on their table, and proceeded to pull raw steaks out of the box.","The man got up, scoffed at the manager and walked towards the door.","original",5
"24","086","40",0,"The waitress offered to refill my mother and brother's glasses, but she never asked if I needed one.","The waitress offered to refill my mother and brother's glasses, but she never asked if I needed one.","My waitress wasn't very attentive.","original",6
"24","063","84",0,"A few seconds later the server came to check on us and asked how our food was.","A few seconds later the server came to check on us and asked how our food was.","My wife told the server that her steak was overcooked.","original",7
"24","023","88",5,"He told them they were no longer welcome.","He told them they were no longer welcome.","The couple were so disrespectful to me.","original",8
"24","120","125",1,"He was standing next to me, but I did my best to concentrate on my soda and be polite.","He was standing next to me, but I did my best to concentrate on my soda and be polite.","It seemed as though he was going to kiss my mum.","original",9
"24","243","41",1,"We're amicable people, and enjoy small-talk with waiters... well, my mum and sister do, I'm hard of hearing so I'm generally quiet.","We're amicable people, and enjoy small-talk with waiters... well, my mum and sister do, I'm hard of hearing so I'm generally quiet.","The restaurant seemed loud with all the people talking.","original",10
"24","248","86",0,"After we ordered the waitress came back and apologized saying they were out of the pecan pie I had ordered.","After we ordered the waitress came back and apologized saying they were out of the pecan pie I had ordered.","I'm never going to this restaurant again.","original",11
"24","033","76",0,"Of course, she breaks the teabag inside.","Of course, she breaks the teabag inside.","The woman kept changing her order, and had been talking on her phone for five minutes.","original",12
"24","050","110",1,"The dish was not hot and barely palatable; I believe he deliberately left it sitting before he brought it out as there were not enough other customers for the kitchen to be backed up.","The dish was not hot and barely palatable; I believe he deliberately left it sitting before he brought it out as there were not enough other customers for the kitchen to be backed up.","Our server was extremely rude to us at the restaurant.","original",13
"24","153","22",1,"It was a good thing that they didn't prepare my meal before giving me the price!","It was a good thing that they didn't prepare my meal before giving me the price!","The waitress told me there was an ATM next door if I needed to get cash.","original",14
"24","022","48",1,"In reality this ""judge'' was trying to hide his martini on the floor.","In reality this ""judge'' was trying to hide his martini on the floor.","The man loudly complained and then proceeded to knock a glass off the bar.","original",15
"24","025","10",1,"It's freezing this time of year so I didn't want to sit near the door.","It's freezing this time of year so I didn't want to sit near the door.","I noticed a server on staff that day was the same one who'd been rude to me before.","original",16
"24","191","11",4,"Our son was now behaving the way you would expect an 18-month-old to behave after sitting in a high chair for nearly an hour watching other people eat.","Our son was now behaving the way you would expect an 18-month-old to behave after sitting in a high chair for nearly an hour watching other people eat.","My kid started to scream loudly, because he was tired.","original",17
